Brendan Rodgers, 2184348, 17907, 663898, 2B|U|B
Trevor Story, 1945488, 12564, 596115, SS|U|B
Jake Odorizzi, 1757975, 6397, 543606, P|B
Livan Soto, 3103545, 22471, 670869, SS|U|B
Alex Verdugo, 2167479, 17027, 657077, OF|U|B
Matt Wallner, 3117939, 26466, 670242, OF|U|B
Gregory Soto, 2826036, 19677, 642397, P|B
Franklin German, 2932762, 24750, 681464, P|B
Eduardo Escobar, 1670491, 6153, 500871, 2B|3B|U|B
Alfonso Rivas, 3097059, 21560, 663845, 1B|U|B
Kutter Crawford, 2836759, 20531, 676710, P|B
Josh Harrison, 1670494, 8202, 543281, 3B|U|B
Humberto Castellanos, 2821884, 21183, 528748, P|B
Eduardo Rodriguez, 2042426, 13164, 593958, P|B
Anthony Rendon, 1894625, 12861, 543685, 3B|U|B
Bubba Thompson, 2835080, sa3008294, 668930, OF|U|B
Guillermo Heredia, 2221896, 18721, 628338, OF|U|B
Felix Bautista, 2821464, 20666, 642585, P|B
Yonny Chirinos, 2822004, 16401, 630023, P|B
Kerry Carpenter, 3157914, 25961, 681481, OF|U|B
Gilberto Celestino, 2507499, 20233, 665482, OF|U|B
Daniel Bard, 1662777, 7115, 453268, P|B
Pedro Leon, 26635152, sa3014838, 694175, OF|U|B
Cole Ragans, 2250615, 21846, 666142, P|B
Elvis Andrus, 1099374, 8709, 462101, 2B|SS|U|B
Gavin Stone, 26911736, sa3014810, 694813, P|B
Tucker Barnhart, 1803883, 10200, 571466, C|U|B
Jean Segura, 1798566, 5933, 516416, 3B|U|B
Travis Lakins, 2449986, 18600, 664042, P|B
Will Benson, 2250599, 21853, 666181, OF|U|B
Xavier Edwards, 2931936, sa3007018, 669364, 2B|U|B
Isiah Kiner-Falefa, 2122086, 16512, 643396, 3B|OF|U|B
Troy Johnston, 28837850, sa3010899, 687859, 1B|U|B
Brendan Donovan, 2932701, 24679, 680977, 2B|OF|U|B
Gio Urshela, 2043931, 10681, 570482, 1B|3B|U|B
Juan Soto, 2507367, 20123, 665742, OF|U|B
Zack Godley, 2179204, 14862, 643327, P|B
Estevan Florial, 2507504, 19151, 664314, OF|U|B
Hunter Harvey, 2066703, 15507, 640451, P|B
Christian Bethancourt, 1718084, 10028, 542194, C|U|B
Chris Bassitt, 2114418, 12304, 605135, P|B
Carl Edwards, 2073701, 13607, 605218, P|B
Wander Franco, 2955091, 23667, 677551, SS|U|B
Luke Voit, 2226571, 14811, 572228, 1B|U|B
Franklin Barreto, 2117139, 15519, 620439, 2B|U|B
Kenny Rosenberg, 26635162, 20009, 670046, P|B
Nick Wittgren, 2117127, 15594, 621295, P|B
J.J. Matijevic, 2837181, 20165, 656695, U|B
Triston Casas, 2942989, 22514, 671213, 1B|U|B
Luis Patino, 2829930, 22815, 672715, P|B
Gary Sanchez, 1799263, 11442, 596142, C|U|B
Kyle Higashioka, 1735742, 5517, 543309, C|U|B
Luis Severino, 2117131, 15890, 622663, P|B
MJ Melendez, 2910600, 22197, 669004, OF|U|B
Hoy Jun Park, 2211767, 18027, 660829, 2B|U|B
Corey Seager, 2041873, 13624, 608369, SS|U|B
Logan Webb, 3055542, 17995, 657277, P|B
Justin Upton, 593198, 5222, 457708, OF|U|B
Mark Canha, 1960772, 11445, 592192, OF|U|B
Domingo German, 2167483, 17149, 593334, P|B
Eric Hosmer, 1669561, 3516, 543333, 1B|U|B
Kyle Gibson, 1739665, 10123, 502043, P|B
Gus Varland, 2933158, sa3007779, 681402, P|B
Marcus Stroman, 2001082, 13431, 573186, P|B
Austin Wynns, 2226900, 15271, 642851, C|U|B
Jake Meyers, 2837229, 20308, 676694, OF|U|B
Jeremy Pena, 2932999, 21636, 665161, SS|U|B
Avisail Garcia, 1740934, 5760, 541645, OF|U|B
Jose Alvarado, 2444515, 17780, 621237, P|B
Shawn Armstrong, 2121144, 12857, 542888, P|B
Jordan Lawlar, 26720082, sa3017662, 691783, SS|U|B
Magneuris Sierra, 2167488, 17023, 642423, OF|U|B
Dominic Smith, 2066296, 15653, 642086, 1B|U|B
Nick Maton, 2837182, 21635, 665155, 2B|3B|U|B
Paul Blackburn, 2044524, 14739, 621112, P|B
Michael Wacha, 2001081, 14078, 608379, P|B
Spencer Howard, 2837011, 23252, 675921, P|B
Miguel Yajure, 2826676, 21111, 664337, P|B
DJ LeMahieu, 1740958, 9874, 518934, 1B|3B|U|B
Shane Greene, 2040765, 10756, 572888, P|B
Keibert Ruiz, 2507339, 19610, 660688, C|U|B
Chris Taylor, 2048496, 13757, 621035, 3B|OF|SS|U|B
Steve Cishek, 1770784, 6483, 518553, P|B
Cody Morris, 2932960, 25388, 663752, P|B
David Dahl, 2001079, 13744, 621311, OF|U|B
Luis Torrens, 2167460, 15905, 620443, U|B
Pavin Smith, 2835059, 19892, 656976, OF|U|B
Gabriel Moreno, 2829082, 22664, 672515, C|U|B
Cody Bellinger, 2165919, 15998, 641355, 1B|OF|U|B
Oswald Peraza, 2829101, 22823, 672724, 3B|U|B
Jhoulys Chacin, 1618705, 2608, 468504, P|B
Maximo Castillo, 2821908, 21956, 666721, P|B
Yairo Munoz, 2167485, 16313, 622168, 2B|U|B
Ryan Jeffers, 2931974, 24618, 680777, C|U|B
Andrew McCutchen, 1103290, 9847, 457705, U|B
Enmanuel Valdez, 2826369, sa917288, 665839, 2B|U|B
Oscar Gonzalez, 2507497, 20970, 660757, OF|U|B
Joey Wiemer, 26757772, sa3014531, 686894, OF|U|B
Ji-Man Choi, 2106323, 5452, 596847, U|B
Tommy La Stella, 1954553, 12371, 600303, U|B
Nomar Mazara, 2044518, 14553, 608577, OF|U|B
Nelson Cruz, 530355, 2434, 443558, U|B
Jacob Brentz, 3152741, 17783, 641394, P|B
Brandon Belt, 1757973, 10264, 474832, 1B|U|B
Tim Hill, 2791772, 16814, 657612, P|B
Austin Adams, 2444539, 13801, 613534, P|B
Chas McCormick, 2837198, 19599, 676801, OF|U|B
Nick Allen, 2836533, 22277, 669397, SS|U|B
Diego Cartaya, 3152038, sa3008742, 682616, C|U|B
Michael Chavis, 2135257, 17321, 656308, 2B|U|B
Matt Thaiss, 2250601, 19318, 642136, C|U|B
Kyle Garlick, 2227217, 18063, 664247, OF|U|B
Michael Lorenzen, 2066707, 14843, 547179, P|B
Brayan Rocchio, 3077710, sa3005898, 677587, SS|U|B
Joe Barlow, 3157100, 22296, 669618, P|B
Brad Keller, 2823660, 15734, 641745, P|B
Randy Dobnak, 2870041, 23798, 677976, P|B
Cesar Valdez, 1654354, 9013, 491624, P|B
Julio Teheran, 1718082, 6797, 527054, P|B
Rafael Devers, 2165929, 17350, 646240, 3B|U|B
Justin Foscue, 3171729, sa3014527, 679822, 2B|U|B
Alex Young, 2211246, 18333, 622065, P|B
Cal Quantrill, 2250593, 19312, 615698, P|B
Austin Brice, 2118904, 17237, 592169, P|B
Jonathan Aranda, 2821278, 21837, 666018, 1B|U|B
Tony Santillan, 2211243, 19926, 663574, P|B
Carson Fulmer, 2184355, 18311, 608334, P|B
Aaron Civale, 2507332, 19479, 650644, P|B
Gavin Sheets, 2837507, 19901, 657757, 1B|OF|U|B
Andrew Painter, 26719591, sa3017880, 691725, P|B
Enoli Paredes, 3094415, 20447, 660600, P|B
Yainer Diaz, 2829012, 23003, 673237, C|U|B
Alek Manoah, 3117538, 26410, 666201, P|B
Andres Machado, 2824015, 14681, 600921, P|B
Wynton Bernard, 2050875, 13408, 592144, OF|U|B
Paul Goldschmidt, 1765052, 9218, 502671, 1B|U|B
J.T. Brubaker, 3055541, 17578, 664141, P|B
Alejo Lopez, 3103877, 21127, 664670, 2B|U|B
Luis Arraez, 2821318, 18568, 650333, 2B|U|B
Joe Ryan, 2933069, 21390, 657746, P|B
Giancarlo Stanton, 1630093, 4949, 519317, OF|U|B
Bryce Elder, 26615410, 27779, 693821, P|B
Quinn Priester, 3117916, sa3011297, 682990, P|B
William Contreras, 2822087, 20503, 661388, C|U|B
Buck Farmer, 2141540, 14814, 571656, P|B
Ryan Borucki, 2444670, 16350, 621366, P|B
Colin Moran, 2070065, 16909, 592567, 1B|U|B
Ryan Mountcastle, 2211203, 18373, 663624, 1B|U|B
David Peterson, 2835074, 20302, 656849, P|B
Matt Duffy, 2120665, 13836, 622110, 2B|3B|U|B
Kyle Manzardo, 26911664, sa3017342, 700932, 1B|U|B
Kean Wong, 2226623, 15994, 642221, 2B|U|B
Wily Peralta, 1784971, 7738, 503449, P|B
Hunter Gaddis, 28921922, 25636, 683769, P|B
Justin Dunn, 2250604, 19268, 643290, P|B
Carlos Martinez, 1803785, 11682, 593372, P|B
Travis Jankowski, 2044387, 13768, 608671, OF|U|B
Ryan Weber, 2121894, 10160, 543901, P|B
Cole Sands, 2933080, 21461, 663485, P|B
Kyle Finnegan, 2739972, 15009, 640448, P|B
Mark Vientos, 2837638, 22184, 668901, U|B
Matt Olson, 2044509, 14344, 621566, 1B|U|B
Enrique Hernandez, 1810385, 10472, 571771, 2B|OF|SS|U|B
Luis Cessa, 2208984, 13345, 570666, P|B
Brooks Raley, 2000754, 10061, 548384, P|B
Bradley Zimmer, 2135252, 16221, 605548, OF|U|B
Jose Siri, 2170135, 17452, 642350, OF|U|B
Drew Steckenrider, 2228473, 18806, 608716, P|B
Thomas Szapucki, 2453274, sa875054, 663378, P|B
Ramon Laureano, 2224252, 17128, 657656, OF|U|B
Chase De Jong, 2044548, 15036, 608328, P|B
Carlos Rodon, 2138665, 16137, 607074, P|B
Alexander Canario, 2828978, sa3003316, 672744, U|B
Stone Garrett, 2211204, 19273, 656448, OF|U|B
Mookie Betts, 2106654, 13611, 605141, 2B|OF|U|B
Kyle Crick, 1947854, 13182, 605195, P|B
Ryan Vilade, 2837639, 22165, 668723, OF|U|B
Korey Lee, 3117932, 25543, 686676, C|U|B
Joey Votto, 547434, 4314, 458015, 1B|U|B
Jack Suwinski, 2760036, 22244, 669261, OF|U|B
Martin Maldonado, 1601825, 6887, 455117, C|U|B
Jose Urquidy, 2228194, 18413, 664353, P|B
Tejay Antone, 2821260, 16233, 622088, P|B
Alec Bohm, 2942960, 21618, 664761, 1B|3B|U|B
Corbin Burnes, 2849889, 19361, 669203, P|B
Kevin Plawecki, 2066320, 13807, 608700, C|U|B
Josh Naylor, 2184448, 18839, 647304, 1B|U|B
Bobby Bradley, 2165931, 17278, 656252, 1B|U|B
Yordan Alvarez, 2507341, 19556, 670541, OF|U|B
Monte Harrison, 2167481, 17216, 656509, OF|U|B
Jorge Lopez, 2167482, 14527, 605347, P|B
Aaron Ashby, 2836553, 23550, 676879, P|B
Ha-seong Kim, 26608279, 27506, 673490, 2B|3B|SS|U|B
Anthony Volpe, 3117930, sa3010868, 683011, SS|U|B
Evan Reifert, 29077503, sa3014860, 682126, P|B
Erik Swanson, 2927324, 16587, 657024, P|B
Mason Englert, 2932717, sa3015036, 669438, P|B
Tucker Davidson, 2910640, 19871, 656353, P|B
Matt Moore, 1739600, 1890, 519043, P|B
Ronald Guzman, 2053476, 14388, 608597, 1B|U|B
Anthony Kay, 2250616, 20387, 641743, P|B
Travis Demeritte, 2066311, 15958, 641513, OF|U|B
Blake Treinen, 1953420, 12572, 595014, P|B
C.J. Abrams, 3117475, 25768, 682928, SS|U|B
Brandon Crawford, 1666686, 5343, 543063, SS|U|B
Julian Merryweather, 2824403, 16703, 657240, P|B
Nestor Cortes, 2822128, 17874, 641482, P|B
Clayton Kershaw, 1221725, 2036, 477132, P|B
Jeffrey Springs, 2227187, 17677, 605488, P|B
Cory Abbott, 3116181, sa3005305, 676265, P|B
Leody Taveras, 2227136, 18900, 665750, OF|U|B
Sean Reid-Foley, 2167361, 17034, 656887, P|B
Deivi Garcia, 2822849, 20276, 665620, P|B
Garrett Hampson, 2507191, 19262, 641658, OF|SS|U|B
Michael Massey, 26615330, 27684, 686681, 2B|U|B
Fernando Tatis, 2507363, 19709, 665487, OF|U|B
Ji-Hwan Bae, 3095687, 23818, 678225, 2B|OF|U|B
Jarren Duran, 2932710, 24617, 680776, OF|U|B
Randal Grichuk, 1745354, 10243, 545341, OF|U|B
Kevin Ginkel, 3085906, 19876, 656464, P|B
Luis Ortiz, 28946284, 27646, 682847, P|B
Kyle Tucker, 2184352, 18345, 663656, OF|U|B
Patrick Sandoval, 3077725, 19447, 663776, P|B
Pete Fairbanks, 3117421, 17998, 664126, P|B
Yadiel Hernandez, 2823359, 19334, 628450, OF|U|B
Amir Garrett, 2053474, 14375, 607237, P|B
Michael Hermosillo, 2663788, 16285, 641684, OF|U|B
Austin Pruitt, 2444516, 15290, 643493, P|B
Rodolfo Castro, 2821931, 21987, 666801, 2B|SS|U|B
Jon Heasley, 2932802, 22224, 669169, P|B
Cristian Pache, 2507494, 19948, 665506, OF|U|B
John Means, 2824299, 16269, 607644, P|B
Chad Pinder, 2066836, 15191, 640461, OF|U|B
Eguy Rosario, 2743630, 19964, 666703, 3B|U|B
Sam Hentges, 3055496, 18548, 656529, P|B
Mychal Givens, 1958127, 10430, 571710, P|B
Bryan Baker, 3157614, 19804, 641329, P|B
Colton Cowser, 26719565, sa3017018, 681297, OF|U|B
Royce Lewis, 2835053, 20437, 668904, 3B|U|B
Kolten Wong, 1894637, 12532, 543939, 2B|U|B
Luis Rengifo, 2772560, 19858, 650859, 2B|3B|OF|SS|U|B
Ryne Stanek, 2068544, 15947, 592773, P|B
Scott Kingery, 2447481, 17975, 664068, 2B|U|B
Brandon Lowe, 2910604, 18882, 664040, 2B|U|B
Miles Mastrobuoni, 2824202, 20017, 670156, 3B|U|B
Robert Stephenson, 1894642, 13594, 596112, P|B
Lewin Diaz, 2768553, 18365, 650331, 1B|U|B
Reiver Sanmartin, 2825758, 19754, 665665, P|B
Emmanuel Rivera, 2920200, 19890, 656896, 3B|U|B
Josh James, 2953499, 16794, 657624, P|B
Frankie Montas, 2117122, 14309, 593423, P|B
Logan Allen, 2211756, 18555, 663531, P|B
Jimmy Herget, 2509405, 17556, 623474, P|B
Ben Rortvedt, 2447460, 20287, 666163, C|U|B
Adam Oller, 26861446, 20132, 670124, P|B
Mike Brosseau, 2920318, 19683, 670712, 3B|U|B
Daniel Espino, 3117921, sa3011495, 682982, P|B
Jared Koenig, 28862920, 27517, 657649, P|B
Dylan Moore, 2226911, 18042, 664238, 2B|OF|U|B
Christopher Morel, 2829081, 21897, 666624, OF|U|B
Eddy Alvarez, 2734420, 16959, 657193, OF|U|B
Juan Minaya, 2210084, 10341, 573668, P|B
Zach Jackson, 3086076, 19493, 667427, P|B
Nick Gordon, 2135244, 16337, 624503, OF|U|B
Dylan Coleman, 2932645, 22276, 669395, P|B
Roman Quinn, 2044538, 13546, 596451, OF|U|B
Jose Miranda, 26615340, 20538, 669304, 3B|U|B
Jason Alexander, 2846092, 19666, 669920, P|B
Skye Bolt, 2228440, 17723, 621450, OF|U|B
Chase Anderson, 2027498, 6895, 502624, P|B
Griff McGarry, 2837204, sa3017130, 676046, P|B
Aaron Sanchez, 1757987, 11490, 592717, P|B
Connor Joe, 2135269, 16572, 656582, 1B|OF|U|B
Elias Diaz, 2122215, 11680, 553869, C|U|B
Nick Castellanos, 1765816, 11737, 592206, OF|U|B
Mike Yastrzemski, 2119046, 14854, 573262, OF|U|B
Kyle Freeland, 2135246, 16256, 607536, P|B
Cavan Biggio, 2772291, 19252, 624415, 1B|2B|OF|U|B
Drew VerHagen, 2113508, 13424, 572403, P|B
Kenta Maeda, 2215993, 18498, 628317, P|B
Christin Stewart, 2211207, 17714, 621514, OF|U|B
C.J. Cron, 1894603, 12546, 543068, 1B|U|B
Simeon Woods Richardson, 2932071, 24494, 680573, P|B
Kody Clemens, 2932640, 20572, 665019, 1B|U|B
Jurickson Profar, 1796123, 10815, 595777, OF|U|B
Jose Quintana, 1913316, 11423, 500779, P|B
Luis Castillo, 2223751, 15689, 622491, P|B
JT Chargois, 2210203, 13767, 608638, P|B
Aristides Aquino, 2167457, 15482, 606157, OF|U|B
Nick Gonzales, 3167983, sa3014510, 693304, 2B|U|B
Oscar Mercado, 2066823, 16375, 640458, OF|U|B
Alex Jackson, 2135245, 17276, 656577, C|U|B
Nabil Crismatt, 2822163, 17732, 622503, P|B
Matthew Liberatore, 2942976, 22294, 669461, P|B
Joe Mantiply, 2166715, 14857, 573009, P|B
Forrest Whitley, 2250602, sa917930, 666215, P|B
Lance McCullers, 2001084, 14120, 621121, P|B
Lane Thomas, 2731209, 16939, 657041, OF|U|B
Joel Kuhnel, 2921575, 19995, 669270, P|B
Hyun-Jin Ryu, 2029433, 14444, 547943, P|B
Harold Ramirez, 2117133, 14387, 623912, U|B
Oliver Perez, 225417, 1514, 424144, P|B
Dansby Swanson, 2184343, 18314, 621020, SS|U|B
Daniel Norris, 1956960, 13475, 596057, P|B
Carson Kelly, 2044542, 13620, 608348, C|U|B
Rob Brantly, 1794304, 10655, 542963, C|U|B
Victor Victor Mesa, 3059233, sa3008602, 673516, OF|U|B
Jeimer Candelario, 2051255, 13621, 600869, 1B|3B|U|B
Glenn Otto, 2837316, 21366, 657248, P|B
Alex Faedo, 2835070, 19874, 656412, P|B
Terrin Vavra, 2933162, 24400, 679631, OF|U|B
Nick Pratto, 2835066, 22117, 668472, 1B|OF|U|B
Gordon Graceffo, 28862895, sa3016849, 700669, P|B
David Phelps, 1800944, 6316, 475479, P|B
Drew Waters, 2837661, 20505, 671221, OF|U|B
Moises Gomez, 2823002, sa875163, 664332, OF|U|B
Hayden Wesneski, 26911738, 27581, 669713, P|B
Chris Paddack, 2246181, 20099, 663978, P|B
Tyrone Taylor, 2044535, 13675, 621438, OF|U|B
Tylor Megill, 2932933, 21318, 656731, P|B
Sean Doolittle, 1601130, 1581, 448281, P|B
A.J. Puk, 2250620, 19343, 640462, P|B
Yu Darvish, 1937347, 13074, 506433, P|B
Harrison Bader, 2211761, 18030, 664056, OF|U|B
Teoscar Hernandez, 2119659, 13066, 606192, OF|U|B
Trent Grisham, 2184451, 18564, 663757, OF|U|B
Devin Smeltzer, 3116182, 19487, 656970, P|B
Nick Neidert, 2211239, 18699, 663734, P|B
Hunter Renfroe, 2069467, 15464, 592669, OF|U|B
Greg Allen, 2171381, 16623, 656185, OF|U|B
Bryan Reynolds, 2449444, 19326, 668804, OF|U|B
Dylan Carlson, 2250618, 20126, 666185, OF|U|B
Jose De Leon, 2167459, 15463, 592254, P|B
Austin Gomber, 2216698, 16561, 596295, P|B
Hunter Greene, 2835054, 22182, 668881, P|B
Clay Holmes, 2044540, 13649, 605280, P|B
Kendall Graveman, 2146204, 15514, 608665, P|B
Chris Clarke, 26616948, sa3011411, 669247, P|B
Colton Welker, 2506934, 19961, 666213, 3B|U|B
Austin Martin, 2837172, sa3014454, 668885, 2B|U|B
Tim Mayza, 2228208, 15042, 641835, P|B
Pete Alonso, 2447476, 19251, 624413, 1B|U|B
Jake Eder, 26615423, sa3014917, 671109, P|B
Jarred Kelenic, 2942966, 22558, 672284, OF|U|B
Brian Serven, 3088372, 19422, 661531, C|U|B
Tony Gonsolin, 2915614, 19388, 664062, P|B
Kevin Kelly, 28840203, sa3009999, 687330, P|B
J.D. Davis, 2167497, 16219, 605204, 3B|U|B
Spencer Steer, 26635167, 26323, 668715, 1B|3B|OF|U|B
JP Sears, 2837491, 23429, 676664, P|B
Spencer Patton, 2120864, 12361, 607359, P|B
Casey Mize, 2942958, 20492, 663554, P|B
Jared Shuster, 3165231, sa3014483, 694363, P|B
Whit Merrifield, 1961293, 11281, 593160, 2B|OF|U|B
Kyle Stowers, 3152105, 26151, 669065, OF|U|B
Jose Leclerc, 2170066, 14524, 600917, P|B
Jason Delay, 2836796, 19806, 641511, C|U|B
Abraham Almonte, 1813191, 5486, 501659, OF|U|B
J.P. Crawford, 2066300, 15491, 641487, SS|U|B
Nate Lowe, 2920354, 19566, 663993, 1B|U|B
Nick Margevicius, 2837166, 20395, 676606, P|B
Josh Winder, 2933206, 24606, 680739, P|B
Tanner Houck, 2835078, 19879, 656557, P|B
Austin Barnes, 2046041, 12158, 605131, C|U|B
Jonathan India, 2942965, 21523, 663697, 2B|U|B
Ildemaro Vargas, 2050861, 13324, 545121, 3B|U|B
Kole Calhoun, 1811964, 11200, 594777, 1B|U|B
Christian Walker, 2044379, 13419, 572233, 1B|U|B
Corey Julks, 2837058, sa913274, 667452, OF|U|B
Yolmer Sanchez, 1956971, 11602, 570560, 2B|U|B
Amed Rosario, 2117042, 15518, 642708, 2B|SS|U|B
Aaron Bummer, 2637180, 16258, 607481, P|B
Jose Suarez, 2928771, 19911, 660761, P|B
George Valera, 3077721, sa3006872, 671655, OF|U|B
Foster Griffin, 2135259, 16432, 656492, P|B
Jack Mayfield, 2731201, 15402, 608686, 2B|U|B
Zack Wheeler, 1744777, 10310, 554430, P|B
Jose Ramirez, 2044495, 13510, 608070, 3B|U|B
Kristian Robinson, 3077718, sa3006884, 677565, OF|U|B
Kolby Allard, 2184450, 18694, 663465, P|B
Conner Capel, 2786282, 19983, 668843, OF|U|B
Kevin Newman, 2184455, 17696, 621028, 3B|U|B
Jonah Heim, 2167467, 16930, 641680, C|U|B
Jhoan Duran, 2911279, 21029, 661395, P|B
Gavin Williams, 2837689, sa3018106, 668909, P|B
Joely Rodriguez, 2107842, 11487, 570257, P|B
Ryan Howard, 2915619, sa857225, 664031, SS|U|B
Mike Soroka, 2207809, 18383, 647336, P|B
Steele Walker, 2932068, 22093, 667727, OF|U|B
Julio Urias, 2073700, 14765, 628711, P|B
Sean Hjelle, 2931967, 21481, 663546, P|B
Davis Martin, 2932915, 21448, 663436, P|B
Matt Festa, 2822697, 19330, 670036, P|B
Trevor Rosenthal, 1937341, 10745, 572096, P|B
Marco Gonzales, 2066303, 15467, 594835, P|B
Josh VanMeter, 2119087, 15170, 642165, 2B|U|B
Tyler Nevin, 2211190, 17893, 663527, 3B|U|B
David Hensley, 27022635, 25111, 682073, 2B|U|B
Mitch White, 2768556, 19225, 669952, P|B
Alex Bregman, 2184351, 17678, 608324, 3B|U|B
Mark Melancon, 1493886, 4264, 453343, P|B
Tanner Scott, 2223750, 17586, 656945, P|B
Ian Kennedy, 1262690, 6986, 453178, P|B
Graham Ashcraft, 26635137, 27552, 668933, P|B
Jacob Bird, 28838541, 21267, 656234, P|B
Ketel Marte, 1963334, 13613, 606466, 2B|U|B
T.J. Zeuch, 2250606, 19269, 643615, P|B
James Outman, 2932989, 24770, 681546, OF|U|B
Alex Cobb, 1784973, 6562, 502171, P|B
James Kaprielian, 2184452, 18331, 621076, P|B
Gabriel Arias, 2876077, 22563, 672356, 1B|SS|U|B
Charlie Morton, 1390876, 4676, 450203, P|B
Caleb Thielbar, 1961735, 10078, 573204, P|B
Michael Brantley, 1103277, 4106, 488726, OF|U|B
Sean Newcomb, 2165525, 16943, 656794, P|B
Jack Flaherty, 2135266, 17479, 656427, P|B
Jovani Moran, 26754137, 20422, 663558, P|B
Lucas Luetge, 1925712, 8337, 476595, P|B
Will Smith, 1666825, 8048, 519293, P|B
David Price, 1232130, 3184, 456034, P|B
Marcus Semien, 1947827, 12533, 543760, 2B|U|B
Reese Olson, 2932983, sa3008513, 681857, P|B
Kyle Schwarber, 2135243, 16478, 656941, OF|U|B
DL Hall, 2835075, 22207, 669084, P|B
Carlos Correa, 2000028, 14162, 621043, SS|U|B
Trevor Gott, 2165523, 15046, 641627, P|B
Luis Garcia, 2862994, 23735, 677651, P|B
Niko Goodrum, 2118848, 12092, 592348, 2B|U|B
Nick Madrigal, 2942964, 20521, 663611, 3B|U|B
John Schreiber, 2920577, 20020, 670167, P|B
Erik Gonzalez, 2052583, 13369, 570481, SS|U|B
Garrett Crochet, 2836763, 27463, 676979, P|B
Ernie Clement, 2836722, 20352, 676391, SS|U|B
Jorge Polanco, 2106657, 13152, 593871, 2B|U|B
Aaron Loup, 1960798, 10343, 571901, P|B
Rich Hill, 555244, 4806, 448179, P|B
Thairo Estrada, 2739969, 16426, 642731, 2B|SS|U|B
Sam Hilliard, 2228436, 17954, 656541, OF|U|B
Kevin Maitan, 2431986, sa969045, 670867, 3B|U|B
James Karinchak, 2837062, 20151, 675916, P|B
Curt Casali, 1935463, 12510, 592200, C|U|B
Matt Foster, 2921090, 19647, 641582, P|B
Collin McHugh, 2008572, 7531, 543521, P|B
Tyler Kinley, 2171335, 18297, 641755, P|B
Spencer Torkelson, 3166850, 27465, 679529, 1B|U|B
Kevin Gausman, 2000033, 14107, 592332, P|B
Jose Quijada, 2825214, 19200, 650671, P|B
Alejandro Kirk, 2875260, 22581, 672386, C|U|B
Alex Claudio, 2143302, 12890, 592222, P|B
Alan Trejo, 2837612, 20056, 676701, 2B|3B|U|B
Joe Jimenez, 2167349, 15761, 641729, P|B
Trent Thornton, 2743313, 17948, 663423, P|B
JaCoby Jones, 2211195, 14818, 592444, OF|U|B
Heath Hembree, 1937568, 11632, 592390, P|B
Anthony Bemboom, 2171288, 13854, 621532, C|U|B
Josh Rogers, 2915877, 18510, 642028, P|B
Hunter Brown, 26615407, 25880, 686613, P|B
Yohan Ramirez, 2825274, 19444, 670990, P|B
David Fletcher, 2211771, 17992, 664058, SS|U|B
Kyle Muller, 2449981, 20167, 666205, P|B
Janson Junk, 2837059, 23301, 676083, P|B
Mike Minor, 1735792, 10021, 501985, P|B
Edward Olivares, 2734289, 19698, 658668, OF|U|B
Ryan McMahon, 2066810, 15112, 641857, 2B|3B|U|B
Hunter Strickland, 2027413, 7836, 519326, P|B
Ken Waldichuk, 26671992, 27681, 686610, P|B
Kyle Bradish, 2932284, 24586, 680694, P|B
Wandy Peralta, 2264742, 14295, 593974, P|B
Ryan Helsley, 2211752, 18138, 664854, P|B
Jeter Downs, 2836822, 22202, 669023, SS|U|B
Rony Garcia, 2822898, 20430, 665621, P|B
Patrick Corbin, 1758836, 9323, 571578, P|B
Tommy Edman, 2914724, 19470, 669242, 2B|OF|SS|U|B
Shane McClanahan, 2931996, 21483, 663556, P|B
Zac Veen, 3173109, sa3014516, 691728, OF|U|B
Tyler Gentry, 26615388, sa3014485, 694355, OF|U|B
Cionel Perez, 2900485, 19614, 672335, P|B
Keegan Thompson, 2837600, 19795, 624522, P|B
Luis Campusano, 2836688, 22217, 669134, C|U|B
Max Muncy, 2106304, 13301, 571970, 3B|U|B
Alex Colome, 1739607, 6661, 517008, P|B
Brandon Marsh, 2449449, 20202, 669016, OF|U|B
Yusei Kikuchi, 3073522, 20633, 579328, P|B
Tucupita Marcano, 2829907, 22871, 672779, SS|U|B
Gunnar Henderson, 3152104, 26289, 683002, 3B|SS|U|B
Hanser Alberto, 2044664, 11902, 593643, 3B|U|B
Matt Mervis, 28944596, sa3015051, 670223, 1B|U|B
Franmil Reyes, 2119258, 14566, 614177, U|B
Ehire Adrianza, 1666190, 8418, 501303, SS|U|B
Tyler Beede, 2136389, 16981, 595881, P|B
Connor Overton, 2824830, 18376, 656818, P|B
Bo Bichette, 2447495, 19612, 666182, SS|U|B
Sonny Gray, 1894635, 12768, 543243, P|B
Jorge Alcala, 2821135, 19459, 660896, P|B
Riley Pint, 2250591, sa917922, 666207, P|B
Ceddanne Rafaela, 2931004, sa3005581, 678882, OF|U|B
Jean-Carlos Mejia, 2824335, 20617, 650496, P|B
Jahmai Jones, 2211211, 18872, 663330, U|B
Michael Stefanic, 3158039, 25353, 683021, 2B|U|B
Mike Clevinger, 2044484, 12808, 605182, P|B
Yimi Garcia, 2048494, 12095, 554340, P|B
Jordan Montgomery, 2453275, 16511, 656756, P|B
Merrill Kelly, 2050483, 11156, 518876, P|B
Billy McKinney, 2066306, 15654, 641856, OF|U|B
Otto Lopez, 2847307, 19608, 672640, 2B|U|B
Adonis Medina, 2211791, 19903, 658431, P|B
Ezequiel Duran, 3077704, 23733, 677649, 3B|OF|SS|U|B
Danny Coulombe, 2120231, 13293, 543056, P|B
J.P. Feyereisen, 2693899, 16610, 656420, P|B
Michel Baez, 2910623, 20100, 673258, P|B
Zach Eflin, 2044513, 13774, 621107, P|B
Max Kepler, 2044504, 12144, 596146, OF|U|B
Isaac Paredes, 2910610, 20036, 670623, 1B|3B|U|B
Alex Vesia, 2933171, 25007, 681911, P|B
Brandon Bielak, 2836609, 19866, 656232, P|B
Vince Velasquez, 2117039, 11189, 592826, P|B
Zack Collins, 2250595, 19181, 641470, C|U|B
Willy Adames, 2165933, 15986, 642715, SS|U|B
Joey Bart, 2942959, 21524, 663698, C|U|B
Brent Rooker, 2837434, 19627, 667670, OF|U|B
Pedro Severino, 2118146, 14523, 600474, C|U|B
Eury Perez, 26912478, sa3014807, 691587, P|B
Ryan Pressly, 2029067, 7005, 519151, P|B
Wilmer Difo, 2159737, 14320, 594694, SS|U|B
Jaylin Davis, 3095417, 19552, 664041, OF|U|B
Michael Conforto, 2135247, 16376, 624424, OF|U|B
Caleb Kilian, 2932849, 26213, 668873, P|B
Trevor May, 1733562, 6398, 543507, P|B
Brian Anderson, 2167336, 18289, 605119, 3B|OF|U|B
Ken Giles, 2044511, 12910, 571704, P|B
Taijuan Walker, 1757981, 11836, 592836, P|B
Riley Adams, 2836521, 19864, 656180, C|U|B
Kevin Pillar, 2046044, 12434, 607680, OF|U|B
Vinnie Pasquantino, 26747031, 27676, 686469, 1B|U|B
Craig Stammen, 1671002, 7274, 489334, P|B
Gavin Lux, 2250605, 19955, 666158, 2B|U|B
Jalen Beeks, 2743312, 17192, 656222, P|B
Taylor Ward, 2184470, 17548, 621493, OF|U|B
Cole Tucker, 2135255, 17326, 657061, OF|U|B
Matt Swarmer, 3152888, 19705, 664161, P|B
Blake Snell, 2006996, 13543, 605483, P|B
Trevor Richards, 2914673, 19309, 670950, P|B
Seth Beer, 2942991, 20493, 666179, U|B
Evan Phillips, 2779811, 17734, 623465, P|B
Chad Wallach, 2166445, 17161, 595453, C|U|B
A.J. Pollock, 1740992, 9256, 572041, OF|U|B
Drew Pomeranz, 1765810, 11426, 519141, P|B
Zack Britton, 1733482, 3240, 502154, P|B
Jason Castro, 1657577, 8722, 488771, C|U|B
Trevor Larnach, 2942980, 21501, 663616, OF|U|B
Brennen Davis, 2931925, sa3007876, 680695, OF|U|B
Lance Lynn, 1733864, 2520, 458681, P|B
Garrett Hill, 28838023, 25097, 682051, P|B
Alexis Diaz, 26861431, 21132, 664747, P|B
Arodys Vizcaino, 1730743, 5498, 527055, P|B
Michael Baumann, 2910630, 20206, 657508, P|B
Eli White, 2915816, 19346, 642201, OF|U|B
Alek Thomas, 2932056, 23792, 677950, OF|U|B
Silvino Bracho, 2171295, 15051, 611093, P|B
Vladimir Gutierrez, 2509404, 19278, 661269, P|B
Will Smith, 2250617, 19197, 669257, C|U|B
Freddy Peralta, 2900486, 18679, 642547, P|B
Roansy Contreras, 2830097, 22810, 672710, P|B
Canaan Smith-Njigba, 2837520, 23264, 675986, OF|U|B
Luke Weaver, 2135258, 16918, 596133, P|B
Josh Rojas, 2837427, 19734, 668942, 2B|3B|U|B
Tommy Hunter, 1595123, 1157, 488984, P|B
Jackie Bradley Jr., 1960252, 12984, 598265, OF|U|B
Salvador Perez, 1793168, 7304, 521692, 1B|C|U|B
Luke Maile, 2117544, 13355, 571912, C|U|B
Taylor Rogers, 2164751, 13449, 573124, P|B
Tyler Duffey, 2164747, 13758, 608648, P|B
Bobby Dalbec, 2506932, 19966, 666915, 1B|U|B
Dillon Peters, 2699269, 18790, 596071, P|B
Luis Gonzalez, 2836929, 20332, 670768, OF|U|B
Michael Busch, 3117931, sa3011540, 683737, 3B|U|B
Luke Jackson, 1765054, 11752, 592426, P|B
Connor Brogdon, 2836653, 21205, 641401, P|B
Noah Song, 3152058, sa3011695, 679977, P|B
Chadwick Tromp, 2227126, 16953, 644433, C|U|B
Andrew Kittredge, 2228478, 12828, 552640, P|B
Bryan Shaw, 1734606, 8110, 543766, P|B
Corbin Martin, 2837174, 19884, 656686, P|B
Stephen Strasburg, 1675980, 10131, 544931, P|B
Phil Bickford, 2184454, 18519, 641360, P|B
Nick Ahmed, 1959715, 12147, 605113, SS|U|B
Leury Garcia, 1740935, 5913, 544725, 2B|U|B
Dylan Bundy, 1894623, 12917, 605164, P|B
Drey Jameson, 3117934, 26260, 686753, P|B
Zach Thompson, 3083187, 16094, 605507, P|B
Alex Dickerson, 2050338, 12649, 543105, OF|U|B
Justin Wilson, 1795985, 4301, 458677, P|B
Andrew Politi, 2933023, sa3007243, 681555, P|B
George Kirby, 3117917, 25436, 669923, P|B
Jordan Groshans, 2942972, 23794, 677954, 3B|U|B
Jacob Barnes, 2210103, 12323, 606930, P|B
Joe Musgrove, 2002312, 12970, 605397, P|B
Spencer Horwitz, 28837584, sa1115496, 687462, U|B
Robbie Ray, 1947846, 11486, 592662, P|B
Will Vest, 2837636, 19769, 676684, P|B
Mitch Garver, 2164748, 15161, 641598, C|U|B
Cal Raleigh, 2933037, 21534, 663728, C|U|B
Nelson Velazquez, 2837635, 23359, 676369, OF|U|B
Reese McGuire, 2066298, 15674, 624512, C|U|B
Alcides Escobar, 547241, 6310, 444876, SS|U|B
Jose Lopez, 2829903, sa3003055, 673111, P|B
Yonny Hernandez, 2803312, 19432, 660634, 2B|U|B
Kyle Hendricks, 2108023, 12049, 543294, P|B
Nick Martinez, 2119647, 12730, 607259, P|B
Ben Gamel, 1961737, 12160, 592325, OF|U|B
Matt Barnes, 1947821, 12863, 598264, P|B
Cristian Javier, 2910637, 17606, 664299, P|B
Michael Burrows, 2932621, sa3008517, 681347, P|B
Oneil Cruz, 2822182, 21711, 665833, SS|U|B
Albert Abreu, 2211792, 17485, 656061, P|B
Scott Alexander, 2113509, 10591, 518397, P|B
Framber Valdez, 2739968, 17295, 664285, P|B
Oscar Colas, 28837104, sa3018099, 693049, OF|U|B
Matt Vierling, 2933175, 21558, 663837, 3B|OF|U|B
Jackson Tetreault, 2837596, 20565, 676194, P|B
Eric Lauer, 2250610, 19316, 641778, P|B
Jimmy Yacabonis, 2743311, 15157, 642231, P|B
Sandy Leon, 1928685, 5273, 506702, C|U|B
Jorge Soler, 1988873, 14221, 624585, OF|U|B
Xander Bogaerts, 1945481, 12161, 593428, SS|U|B
Darin Ruf, 1812895, 9929, 573131, U|B
Corey Knebel, 2066314, 15010, 608349, P|B
Brandon Hughes, 2837019, 23460, 676714, P|B
Joey Gallo, 2007960, 14128, 608336, 1B|OF|U|B
Brandon Walter, 26911750, sa3010826, 687888, P|B
Jake Lamb, 2044246, 13329, 571875, 1B|U|B
Noah Syndergaard, 1757988, 11762, 592789, P|B
Jake McCarthy, 2931995, 21622, 664983, OF|U|B
Buddy Kennedy, 2837071, 22505, 671083, 3B|U|B
Harold Castro, 2170086, 14691, 605612, 2B|U|B
Carlos Santana, 1208743, 2396, 467793, 1B|U|B
Luis Perdomo, 2211467, 14682, 606131, P|B
Francisco Mejia, 2117123, 16403, 642336, C|U|B
Max Fried, 2001078, 13743, 608331, P|B
Masataka Yoshida, 29041593, 31837, 807799, OF|U|B
Tommy Milone, 1846229, 7608, 543548, P|B
Brad Peacock, 1833104, 5401, 502748, P|B
Connor Norby, 26911671, sa3017019, 681393, 2B|U|B
Miguel Vargas, 3152039, 20178, 678246, 2B|U|B
George Springer, 1894629, 12856, 543807, OF|U|B
Jose Hernandez, 29038651, sa928463, 669796, P|B
Jose Barrero, 3077714, 23378, 676480, SS|U|B
Jonathan Arauz, 2226223, 20275, 660620, 3B|U|B
David Bednar, 2821492, 19569, 670280, P|B
Anthony Gose, 1758976, 5097, 543238, P|B
Jordan Westburg, 26615346, sa3014499, 676059, 2B|3B|U|B
Luis Barrera, 2821428, 19615, 642456, OF|U|B
Reynaldo Lopez, 2165932, 16400, 625643, P|B
Nathan Eovaldi, 1803864, 9132, 543135, P|B
Brandon Woodruff, 2449977, 16162, 605540, P|B
Cal Mitchell, 3077696, 22169, 668751, OF|U|B
Connor Seabold, 2837489, 19695, 657756, P|B
Dany Jimenez, 2823561, 21170, 666204, P|B
Jose Castillo, 2900487, 17169, 620454, P|B
Richard Bleier, 2120124, 7803, 542947, P|B
Manny Machado, 1765812, 11493, 592518, 3B|U|B
Lucas Giolito, 2000027, 15474, 608337, P|B
Travis d'Arnaud, 1730742, 7739, 518595, C|U|B
Bobby Witt, 3117472, 25764, 677951, SS|U|B
Emilio Pagan, 2120160, 14771, 641941, P|B
Beau Brieske, 26911772, 26079, 689225, P|B
Jordan Walker, 3166486, sa3014464, 691023, OF|U|B
Jazz Chisholm, 2507358, 20454, 665862, OF|U|B
Tyler Anderson, 1894636, 12880, 542881, P|B
Nick Pivetta, 2167338, 15454, 601713, P|B
Joey Meneses, 2218068, 14366, 608841, U|B
Corey Kluber, 1759018, 2429, 446372, P|B
Vimael Machin, 2804229, 17684, 605353, 3B|U|B
Cal Stevenson, 2933123, 22411, 670276, OF|U|B
Austin Voth, 2138864, 15047, 608723, P|B
Jesus Luzardo, 2910624, 19959, 666200, P|B
Tyler Wade, 2169698, 15730, 642180, SS|U|B
Anderson Espinoza, 2211779, sa872856, 659262, P|B
Adam Wainwright, 389743, 2233, 425794, P|B
Hansel Robles, 2027450, 11801, 570663, P|B
Justin Verlander, 530362, 8700, 434378, P|B
Adam Ottavino, 1537191, 1247, 493603, P|B
Ricky Tiedemann, 28838555, sa3018096, 694357, P|B
David Robertson, 1622557, 8241, 502085, P|B
Jorge Mateo, 2167484, 17273, 622761, SS|U|B
Andrew Stevenson, 2211212, 17932, 664057, OF|U|B
Jake Cousins, 2836753, 21620, 664776, P|B
Brandon Williamson, 3152122, sa3011494, 682227, P|B
Jermaine Palacios, 2211755, 18371, 650339, SS|U|B
Joe Palumbo, 2453420, sa738453, 643478, P|B
Emerson Hancock, 2836958, sa3014456, 676106, P|B
Max Meyer, 2837228, 27474, 676974, P|B
Luis Urias, 2227185, 16622, 649966, 2B|U|B
Shelby Miller, 1739603, 10197, 571946, P|B
Daniel Mengden, 2170126, 16980, 596043, P|B
Demarcus Evans, 3103747, 21087, 663770, P|B
Tyler O'Neill, 2171342, 15711, 641933, OF|U|B
Leandro Cedeno, 2821944, sa873307, 660681, 1B|U|B
Sixto Sanchez, 2507515, 19680, 664350, P|B
Colby White, 28838284, sa3011200, 686831, P|B
Jameson Taillon, 1765806, 11674, 592791, P|B
Wil Crowe, 2836767, 19800, 640444, P|B
Adalberto Mondesi, 2044531, 13769, 609275, SS|U|B
Zack Short, 2747494, 19562, 670097, 2B|3B|SS|U|B
Meibrys Viloria, 2506928, 17109, 650619, C|U|B
Domingo Acevedo, 2211789, 17092, 642758, P|B
Bo Naylor, 2942992, 21865, 666310, C|U|B
Tommy Romero, 2837433, 23465, 676720, P|B
Brad Boxberger, 1813265, 10133, 502202, P|B
Luke Raley, 2921005, 19354, 670042, 1B|OF|U|B
Raimel Tapia, 2117124, 14350, 606132, OF|U|B
Yusniel Diaz, 2227224, sa912848, 666783, OF|U|B
Miguel Cabrera, 288897, 1744, 408234, U|B
Jarlin Garcia, 2167475, 18282, 606424, P|B
Michael Fulmer, 2007003, 13218, 605242, P|B
Matt Bush, 547421, 1246, 456713, P|B
Austin Davis, 2822230, 17117, 656354, P|B
Shea Langeliers, 3117480, 25816, 669127, C|U|B
Ron Marinaccio, 2837167, 23488, 676760, P|B
Garrett Cooper, 2120004, 15279, 643265, 1B|U|B
Prelander Berroa, 26912442, sa3005069, 672860, P|B
Adam Engel, 2169649, 15082, 641553, OF|U|B
German Marquez, 2210237, 15038, 608566, P|B
Christian Yelich, 1765815, 11477, 592885, OF|U|B
Anthony Rizzo, 1670417, 3473, 519203, 1B|U|B
Christian Arroyo, 2066307, 16434, 624414, 2B|U|B
Pablo Reyes, 2227320, 16357, 622569, 2B|SS|U|B
Curtis Mead, 26762067, sa3008392, 678554, 3B|U|B
Justus Sheffield, 2135263, 17285, 656954, P|B
Taylor Walls, 2837649, 26396, 669701, 2B|3B|SS|U|B
Ryan Pepiot, 3166651, 26221, 686752, P|B
Willie Calhoun, 2211781, 17838, 641432, U|B
Kris Bubic, 2931905, 21455, 663460, P|B
Erick Fedde, 2167502, 17425, 607200, P|B
Bailey Falter, 26608272, 20070, 663559, P|B
Lou Trivino, 2228461, 15043, 642152, P|B
Jake Alu, 28841679, sa3010009, 666906, 2B|OF|U|B
Austin Allen, 2447462, 18083, 664119, C|U|B
Dixon Machado, 1804067, 11472, 553988, SS|U|B
Bligh Madris, 2837156, 20054, 676632, 1B|U|B
Mike Moustakas, 1232128, 4892, 519058, 1B|3B|U|B
Jandel Gustave, 2161564, 14665, 594311, P|B
Thomas Hatch, 2507330, 19264, 641672, P|B
Sean Bouchard, 2836632, 21270, 656248, OF|U|B
Adam Frazier, 2121473, 15223, 624428, 2B|U|B
Will Brennan, 28838297, 25660, 686823, OF|U|B
Jose Abreu, 2106364, 15676, 547989, 1B|U|B
Mark Contreras, 2836735, 20122, 676628, OF|U|B
Eugenio Suarez, 1960254, 12552, 553993, 3B|U|B
Gleyber Torres, 2167471, 16997, 650402, 2B|U|B
Randy Arozarena, 2914723, 19290, 668227, OF|U|B
Robert Gasser, 26911742, sa3017310, 688107, P|B
Willians Astudillo, 2210421, 15608, 553902, 3B|U|B
Diego Castillo, 2507361, 19906, 660636, SS|U|B
Brailyn Marquez, 2824086, 21896, 666622, P|B
Grayson Rodriguez, 2942971, sa3008130, 680570, P|B
Freddy Tarnok, 2837588, 23324, 676206, P|B
Daulton Varsho, 2837630, 19918, 662139, OF|U|B
Aaron Judge, 2071264, 15640, 592450, OF|U|B
Francisco Lindor, 1894627, 12916, 596019, SS|U|B
Luis Garcia, 2069487, 6984, 472610, P|B
Ryan Brasier, 1661452, 5615, 518489, P|B
Sergio Alcantara, 2118128, 16417, 642727, 3B|U|B
Starling Marte, 1741213, 9241, 516782, OF|U|B
Mark Mathias, 2211778, 18032, 664029, 2B|U|B
Ryan Feltner, 2932731, 21446, 663372, P|B
Robert Hassell, 3165361, sa3014701, 690987, OF|U|B
Bryson Stott, 3117910, 26294, 681082, 2B|U|B
Mickey Moniak, 2250588, 19956, 666160, OF|U|B
Austin Riley, 2211186, 18360, 663586, 3B|U|B
Ivan Herrera, 2829355, 20599, 671056, C|U|B
Steven Brault, 2169051, 15291, 643230, P|B
Jose Iglesias, 1707364, 10231, 578428, SS|U|B
Lourdes Gurriel, 2431991, 19238, 666971, OF|U|B
Vidal Brujan, 2821712, 20536, 660644, 2B|U|B
Kyle Isbel, 2932828, 21614, 664728, OF|U|B
Brad Hand, 1795804, 9111, 543272, P|B
Erasmo Ramirez, 1939521, 10314, 541640, P|B
David Villar, 2933177, 24782, 681584, 2B|U|B
Hunter Dozier, 2066295, 15117, 641531, 3B|U|B
Richard Palacios, 26638627, 24589, 680700, OF|U|B
Derek Law, 2114069, 13133, 571882, P|B
Reid Detmers, 2836804, 27468, 672282, P|B
Jake Cronenworth, 2447496, 18036, 630105, 1B|2B|U|B
Rougned Odor, 1947857, 12282, 596059, 2B|U|B
Austin Slater, 2226803, 16153, 596103, OF|U|B
Jesse Winker, 2044492, 13590, 608385, U|B
Yan Gomes, 1945612, 9627, 543228, C|U|B
Nick Sandlin, 2932044, 20517, 680704, P|B
Zac Gallen, 2914671, 19291, 668678, P|B
Ross Stripling, 2044533, 13273, 548389, P|B
Raisel Iglesias, 2135575, 17130, 628452, P|B
Esteury Ruiz, 2825651, 21780, 665923, OF|U|B
Jordan Romano, 2734002, 16122, 605447, P|B
Austin Nola, 2050477, 15941, 543592, C|U|B
Keston Hiura, 2835061, 20003, 669374, 1B|U|B
Nick Senzel, 2250589, 19293, 669222, 3B|OF|U|B
Reyes Moronta, 2444513, 14966, 606625, P|B
Jake Marisnick, 1804287, 11339, 545350, OF|U|B
Dylan Cease, 2211754, 18525, 656302, P|B
Josh Bell, 1940495, 13145, 605137, 1B|U|B
Robinson Cano, 532997, 3269, 429664, 2B|U|B
Tyler Matzek, 1739668, 10058, 554431, P|B
Joshua Lowe, 2250598, 19953, 666139, OF|U|B
Justin Steele, 2211224, 17312, 657006, P|B
Delvin Perez, 2250608, sa917935, 666206, 3B|U|B
Zack Littell, 2453418, 15823, 641793, P|B
Sean Manaea, 2066704, 15873, 640455, P|B
Ezequiel Tovar, 26615356, 24064, 678662, SS|U|B
Matt Wisler, 2044514, 12804, 605538, P|B
Shintaro Fujinami, 29075943, 31839, 660261, P|B
Willson Contreras, 2171084, 11609, 575929, C|U|B
David Peralta, 2119697, 2136, 444482, OF|U|B
Josh Donaldson, 1493883, 5038, 518626, 3B|U|B
Connor Thomas, 27023028, sa3010784, 671162, P|B
Alex Wood, 2036154, 13781, 622072, P|B
Jake Woodford, 2453423, 18674, 663765, P|B
Andrew Velazquez, 2120058, 14196, 623205, SS|U|B
Thad Ward, 2933185, sa3008098, 663658, P|B
Connor Wong, 2837704, 19896, 657136, C|U|B
Chasen Shreve, 2052548, 10855, 592741, P|B
Josh Winckowski, 26615442, 22387, 670174, P|B
Jason Adam, 1846226, 11861, 592094, P|B
Max Scherzer, 1225651, 3137, 453286, P|B
Brad Miller, 1953818, 12775, 543543, U|B
Josh Sborz, 2453271, 18323, 622250, P|B
Brett Phillips, 2167477, 14735, 621433, OF|U|B
Maikel Garcia, 2829027, 22715, 672580, 3B|U|B
Julio Rodriguez, 2825528, 23697, 677594, OF|U|B
Seranthony Dominguez, 2898211, 19249, 622554, P|B
Ozzie Albies, 2167464, 16556, 645277, 2B|U|B
Sal Frelick, 26719606, sa3017047, 686217, OF|U|B
Adrian Sampson, 2166172, 13339, 592716, P|B
Jordan Luplow, 2769144, 16424, 656669, OF|U|B
Nick Avila, 28837849, sa3011532, 687014, P|B
Carlos Hernandez, 2848440, 22713, 672578, P|B
Jharel Cotton, 2171047, 13654, 605194, P|B
Adam Haseley, 2835060, 19878, 656514, OF|U|B
Hector Neris, 1960527, 11804, 593576, P|B
Victor Reyes, 2226157, 15487, 622682, OF|U|B
Aroldis Chapman, 1717646, 10233, 547973, P|B
Rafael Montero, 2038824, 12760, 606160, P|B
Jon Berti, 1957205, 12037, 542932, 3B|SS|U|B
Ryan Kreidler, 3157917, 25867, 668952, SS|U|B
Luis Gil, 2829343, 21052, 661563, P|B
Robbie Erlin, 1833103, 10354, 572362, P|B
Jesus Aguilar, 1947830, 11342, 542583, 1B|U|B
Robbie Grossman, 1670950, 5254, 543257, OF|U|B
Dustin May, 2507335, 19716, 669160, P|B
J.T. Realmuto, 1947839, 11739, 592663, C|U|B
Nicky Lopez, 2788552, 19339, 670032, 2B|3B|U|B
Evan Longoria, 1114751, 9368, 446334, 3B|U|B
Andrew Vaughn, 3117474, 26197, 683734, 1B|U|B
Luis Garcia, 2768551, 20391, 671277, 2B|U|B
Ethan Small, 3117928, 26364, 663629, P|B
Giovanny Gallegos, 2444667, 14986, 606149, P|B
Matt Chapman, 2135256, 16505, 656305, 3B|U|B
Steven Okert, 2167292, 13580, 595345, P|B
Elehuris Montero, 2824484, 20543, 660707, 1B|U|B
Enyel De Los Santos, 2211795, 18403, 660853, P|B
Jordan Holloway, 2211221, 20631, 656548, P|B
Tony Kemp, 2165920, 14894, 643393, 2B|OF|U|B
Masyn Winn, 3166487, sa3014506, 691026, SS|U|B
Daz Cameron, 2211205, 18353, 663662, OF|U|B
Adam Cimber, 2228215, 15288, 643256, P|B
Jonathan Davis, 2791376, 15104, 641505, OF|U|B
Kris Bryant, 2071263, 15429, 592178, OF|U|B
Blake Sabol, 29038638, sa3010269, 666165, C|OF|U|B
Kyle Harrison, 26615400, sa3014513, 690986, P|B
Mark Leiter, 2804924, 15551, 643410, P|B
John Brebbia, 2821662, 12777, 605154, P|B
Drew Rasmussen, 2837374, 25385, 656876, P|B
Zach Logue, 2837138, 20231, 656657, P|B
Jeremiah Estrada, 2836849, 22210, 669093, P|B
Trevor Stephan, 2837558, 19932, 663986, P|B
Tyler Mahle, 2211216, 16358, 641816, P|B
Grayson Greiner, 2166714, 17062, 606988, C|U|B
Yandy Diaz, 2121030, 16578, 650490, 1B|U|B
Andre Pallante, 26615439, 26108, 669467, P|B
Ian Happ, 2184356, 17919, 664023, OF|U|B
Matthew Batten, 2836581, 20157, 676946, 3B|U|B
Andrew Benintendi, 2184354, 17901, 643217, OF|U|B
Andrew Heaney, 2036439, 15423, 571760, P|B
Aaron Zavala, 26911720, sa3017665, 701648, OF|U|B
J.J. Bleday, 3117536, 26368, 668709, OF|U|B
Jesus Sanchez, 2507366, 19913, 660821, OF|U|B
Jonathan Schoop, 1840090, 11265, 570731, 2B|3B|U|B
Chance Sisco, 2066827, 15694, 642082, C|U|B
Marcell Ozuna, 1953522, 10324, 542303, U|B
Triston McKenzie, 2431359, 18000, 663474, P|B
Alex Kirilloff, 2250600, 20325, 666135, 1B|OF|U|B
Adrian Morejon, 2803408, 20039, 670970, P|B
Manny Pina, 1662811, 2829, 444489, C|U|B
Matt Strahm, 2210233, 13799, 621381, P|B
Cole Irvin, 2912226, 19244, 608344, P|B
James Paxton, 1805124, 11828, 572020, P|B
Tyler Naquin, 2044528, 13359, 571980, OF|U|B
Javier Assad, 2910632, 21741, 665871, P|B
Jose Herrera, 2211744, 17040, 645444, C|U|B
Jon Gray, 2066291, 14916, 592351, P|B
Brandon Finnegan, 2136391, 16208, 605232, P|B
Darick Hall, 2910602, 19717, 669742, 1B|U|B
Cole Sulser, 2826119, 15256, 642121, P|B
Kyle Barraclough, 2186085, 13713, 607457, P|B
Ryan McKenna, 2804508, 19928, 663630, OF|U|B
Edwin Diaz, 2117203, 14710, 621242, P|B
Eddie Rosario, 1910546, 12155, 592696, OF|U|B
Emmanuel Clase, 3107591, 21032, 661403, P|B
Cody Poteet, 3152852, 18769, 547001, P|B
Spencer Strider, 2837573, 27498, 675911, P|B
Addison Barger, 2932270, sa3006910, 680718, OF|U|B
Phil Maton, 2693484, 18064, 664208, P|B
Bryan De La Cruz, 2822262, 19600, 650559, OF|U|B
Tyler Glasnow, 2068548, 14374, 607192, P|B
T.J. McFarland, 2029072, 3237, 519008, P|B
Garrett Whitlock, 2837680, 20191, 676477, P|B
Bryan Garcia, 2759729, 19457, 650530, P|B
Tim Anderson, 2066301, 15172, 641313, SS|U|B
Andrew Suarez, 2227137, 18300, 605498, P|B
MacKenzie Gore, 2835055, 22201, 669022, P|B
Edwin Rios, 2447492, 18316, 621458, U|B
Trey Mancini, 2119352, 15149, 641820, 1B|U|B
Jake Fraley, 2782922, 19260, 641584, OF|U|B
Terrance Gore, 2146190, 13658, 605253, OF|U|B
A.J. Minter, 2449982, 18655, 621345, P|B
Brandon Pfaadt, 26747035, sa3014983, 694297, P|B
Mark Payton, 2226316, sa549855, 592622, OF|U|B
Seth Brown, 2227766, 18171, 664913, OF|U|B
Andrew Knizner, 2699270, 19514, 668800, C|U|B
Bryan Abreu, 3055522, 16609, 650556, P|B
Dane Dunning, 2250614, 19409, 641540, P|B
Adley Rutschman, 3117469, 26288, 668939, C|U|B
Rafael Ortega, 2017392, 10323, 542364, OF|U|B
Daniel Vogelbach, 2028783, 14130, 596129, U|B
Chad Kuhl, 2215966, 14975, 641771, P|B
Adam Kolarek, 2113634, 10843, 592473, P|B
Josh Jung, 3117479, 26299, 673962, 3B|U|B
Yu Chang, 2169720, 14773, 644374, SS|U|B
Trevor Rogers, 2835065, 22286, 669432, P|B
Madison Bumgarner, 1619074, 5524, 518516, P|B
Chi Chi Gonzalez, 2066305, 14663, 592346, P|B
Jacob deGrom, 2044508, 10954, 594798, P|B
Josiah Gray, 2931954, 24580, 680686, P|B
Aaron Nola, 2133925, 16149, 605400, P|B
Michael Perez, 1963326, 12977, 605421, C|U|B
Sean Murphy, 2483273, 19352, 669221, C|U|B
Chris Martin, 2048821, 11847, 455119, P|B
Zach Davies, 2167465, 13183, 605200, P|B
Anthony Santander, 2504134, 14551, 623993, OF|U|B
David Bote, 2226658, 14593, 623520, 2B|U|B
Taj Bradley, 2932285, sa3007839, 671737, P|B
Darwinzon Hernandez, 2823320, 19848, 650382, P|B
Jeff Hoffman, 2135606, 17432, 656546, P|B
Yoshitomo Tsutsugo, 3152268, 27459, 660294, 1B|U|B
Jackson Stephens, 2044106, 14420, 623451, P|B
Jonathan Villar, 292100, 10071, 542340, 2B|U|B
Eloy Jimenez, 2167765, 17484, 650391, U|B
Matt Beaty, 2750312, 17710, 607461, 1B|U|B
Yaisel Sierra, 2220362, sa909930, 666888, P|B
Andy Ibanez, 2507344, 18819, 628451, 2B|OF|U|B
Manuel Rodriguez, 3151014, 20794, 655889, P|B
Cesar Hernandez, 1784924, 10556, 514917, 2B|U|B
Alex Call, 2507195, 19296, 669743, OF|U|B
Sam Coonrod, 2211217, 17264, 656322, P|B
Seby Zavala, 2804021, 18887, 664874, C|U|B
Elieser Hernandez, 2823323, 16933, 622694, P|B
Drew Rucinski, 2136146, 12499, 607968, P|B
Edouard Julien, 2837057, sa3014445, 666397, 2B|U|B
Daulton Jefferies, 2453278, 19345, 641726, P|B
Zac Lowther, 2837144, 20243, 675912, P|B
Willi Castro, 2171637, 17338, 650489, 3B|OF|U|B
Tyler Stephenson, 2184447, 17988, 663886, C|U|B
Austin Hays, 2507192, 19363, 669720, OF|U|B
Mike Siani, 2933100, 22557, 672279, OF|U|B
Jackson Kowar, 2931981, 21549, 663804, P|B
Joan Adon, 2829294, 22925, 672851, P|B
Javier Baez, 1894628, 12979, 595879, SS|U|B
Tarik Skubal, 3126008, 22267, 669373, P|B
Victor Caratini, 2066830, 14968, 605170, C|U|B
Ryan O'Hearn, 2211177, 16442, 656811, 1B|OF|U|B
Brett Baty, 3117539, 26123, 683146, 3B|U|B
Jose Azocar, 2222107, 18821, 640492, OF|U|B
Aaron Hicks, 1669559, 5297, 543305, OF|U|B
Drew Ellis, 2836840, 19873, 656403, 1B|U|B
Cade Cavalli, 2836707, 27473, 676917, P|B
Daniel Castano, 3157099, 19805, 641447, P|B
Jacob Stallings, 2119598, 13723, 607732, C|U|B
Seiya Suzuki, 27023012, 30116, 673548, OF|U|B
Jay Jackson, 1739666, 7432, 543351, P|B
Jesse Chavez, 1098908, 5448, 445926, P|B
Jeff McNeil, 2169895, 15362, 643446, 2B|OF|U|B
LaMonte Wade, 2211805, 18126, 664774, 1B|OF|U|B
Christian Vazquez, 1810924, 9774, 543877, C|U|B
Martin Perez, 1674411, 6902, 527048, P|B
Michael Taylor, 1954849, 11489, 572191, OF|U|B
Bailey Ober, 2837306, 21224, 641927, P|B
Anthony Banda, 2227751, 14706, 607455, P|B
Drew Smyly, 1840445, 11760, 592767, P|B
Forrest Wall, 2135267, sa828682, 657088, OF|U|B
Keegan Akin, 2449983, 19362, 669211, P|B
Sergio Romo, 1587078, 9817, 489265, P|B
Chris Flexen, 2443613, 13896, 623167, P|B
Walker Buehler, 2184468, 19374, 621111, P|B
Adolis Garcia, 2728643, 19287, 666969, OF|U|B
Archie Bradley, 1894626, 12918, 605151, P|B
Miguel Sano, 1739669, 12164, 593934, 1B|U|B
Dereck Rodriguez, 2825484, 14509, 605446, P|B
Dermis Garcia, 2910609, 20926, 660650, 1B|U|B
Mauricio Dubon, 2226887, 16530, 643289, 2B|OF|U|B
Jake Cave, 2120354, 14477, 595909, OF|U|B
Peter Strzelecki, 28869467, 21367, 657265, P|B
Caleb Smith, 2504135, 14875, 592761, P|B
Noelvi Marte, 3077711, sa3008745, 682622, 3B|U|B
Domingo Santana, 1958810, 10348, 570267, OF|U|B
Kenley Jansen, 1208718, 3096, 445276, P|B
Anthony Bass, 1793606, 7982, 542914, P|B
Michael Kopech, 2135265, 17282, 656629, P|B
Taylor Trammell, 2449436, 19960, 666211, OF|U|B
Danny Mendick, 2824375, 18889, 664901, 2B|U|B
Johan Oviedo, 2824831, 22487, 670912, P|B
Richie Martin, 2184456, 17736, 621006, 2B|U|B
Romy Gonzalez, 2932774, 21562, 663853, 2B|U|B
Scott Barlow, 1947842, 14993, 605130, P|B
Dinelson Lamet, 2507517, 17186, 659275, P|B
Dakota Hudson, 2453421, 19206, 641712, P|B
Joc Pederson, 1811026, 11899, 592626, OF|U|B
Mitch Haniger, 2044502, 14274, 571745, OF|U|B
Ryan Tepera, 1945614, 10291, 572193, P|B
Brett Martin, 2453424, 17369, 656685, P|B
Clarke Schmidt, 2835068, 19899, 657376, P|B
P.J. Higgins, 2447473, 18433, 664731, 1B|U|B
Trea Turner, 2135249, 16252, 607208, SS|U|B
Matt Carpenter, 1794765, 8090, 572761, U|B
Michael Toglia, 3117920, 25845, 669911, 1B|U|B
Victor Robles, 2211801, 18363, 645302, OF|U|B
Chris Archer, 1758899, 6345, 502042, P|B
Dellin Betances, 1623765, 6216, 476454, P|B
Johan Camargo, 2167325, 14950, 622666, SS|U|B
Khalil Lee, 2507197, 19952, 666137, OF|U|B
Braden Shewmake, 3117918, sa3010332, 669699, SS|U|B
Matt Koch, 2210230, 13420, 571863, P|B
Ryan Thompson, 2801794, 16647, 657044, P|B
Ryan Yarbrough, 2167343, 16502, 642232, P|B
Art Warren, 2912223, 18251, 605521, P|B
Zach McKinstry, 2794938, 19392, 656716, 2B|3B|OF|SS|U|B
Jason Foley, 3174282, 19531, 671345, P|B
Tommy Pham, 1804466, 2967, 502054, OF|U|B
Brent Suter, 2124204, 13942, 608718, P|B
Omar Narvaez, 2171702, 13338, 553882, C|U|B
Ranger Suarez, 2898212, 17277, 624133, P|B
Ronald Acuna, 2211777, 18401, 660670, OF|U|B
Tyler Wells, 26608291, 20000, 669330, P|B
Miguel Rojas, 1670123, 7802, 500743, SS|U|B
Pierce Johnson, 2044525, 13435, 572955, P|B
Taylor Widener, 2914057, 19266, 642203, P|B
Max Stassi, 1727686, 10059, 545358, C|U|B
Jose Cisnero, 2044205, 6399, 542585, P|B
Malcom Nunez, 3086494, sa3008113, 682650, 1B|U|B
Griffin Jax, 3157710, 20253, 643377, P|B
Drew Hutchison, 1812898, 10732, 571800, P|B
Joe Kelly, 1794767, 9761, 523260, P|B
Rhys Hoskins, 2211176, 16472, 656555, 1B|U|B
Paul Fry, 2169912, 15832, 643316, P|B
Zack Gelof, 26911678, sa3017286, 680869, 2B|U|B
Lucas Sims, 2041268, 13470, 608371, P|B
Nolan Jones, 2447486, 20529, 666134, OF|U|B
Vladimir Guerrero, 2221784, 19611, 665489, 1B|U|B
Dom Nunez, 2165915, 15055, 624513, C|U|B
Phillips Valdez, 2804920, 15605, 570488, P|B
Luis Ortiz, 2135262, 16942, 656814, P|B
Cedric Mullins, 2227731, 17929, 656775, OF|U|B
Nick Fortes, 2932739, 21538, 663743, C|U|B
Michael Harris, 3167984, 25931, 671739, OF|U|B
Nick Solak, 2910603, 19294, 669256, U|B
Edmundo Sosa, 2167505, 17022, 624641, 3B|U|B
Penn Murfee, 3157643, 25174, 682171, P|B
Ryan Weathers, 2942967, 23796, 677960, P|B
Alec Burleson, 26615325, 27615, 676475, OF|U|B
Jo Adell, 2835062, 20220, 666176, OF|U|B
Yermin Mercedes, 2693638, 17423, 606213, U|B
Zach Greene, 2932784, sa1119415, 681891, P|B
Ryne Nelson, 3152115, 26253, 669194, P|B
Jose Ruiz, 2498754, 14552, 614179, P|B
Trayce Thompson, 1741020, 9952, 572204, OF|U|B
Chris Owings, 1741384, 10030, 572008, SS|U|B
Aledmys Diaz, 2119877, 15937, 649557, 3B|SS|U|B
Adbert Alzolay, 2821213, 17859, 640470, P|B
Asa Lacy, 2837101, sa3014423, 669370, P|B
Manuel Margot, 2167053, 14712, 622534, OF|U|B
Adam Duvall, 2042091, 10950, 594807, OF|U|B
Matt Manning, 2250594, 20369, 666159, P|B
Blaze Alexander, 2932590, sa3007742, 677942, SS|U|B
Tanner Rainey, 2211237, 17610, 663432, P|B
Robinson Chirinos, 392181, 3142, 455139, C|U|B
Gerrit Cole, 1893753, 13125, 543037, P|B
Jose Altuve, 1839905, 5417, 514888, 2B|U|B
Tanner Bibee, 28926327, sa3018170, 676440, P|B
Trevor Williams, 2066811, 16977, 592866, P|B
Freddie Freeman, 1630079, 5361, 518692, 1B|U|B
Elijah Morgan, 3077700, 20203, 669212, P|B
TJ Friedl, 2507496, 19522, 670770, OF|U|B
Daniel Hudson, 1697836, 7146, 543339, P|B
Grant Holmes, 2135253, sa828669, 656550, P|B
Heliot Ramos, 2835071, 22515, 671218, OF|U|B
Elly De La Cruz, 26912505, sa3009289, 682829, 3B|SS|U|B
Kyle Wright, 2835057, 19665, 657140, P|B
Adrian Houser, 1947840, 12718, 605288, P|B
Luke Williams, 2919538, 19931, 663897, SS|U|B
Andres Gimenez, 2507353, 19950, 665926, 2B|U|B
Paolo Espino, 2118885, 8246, 502179, P|B
Vaughn Grissom, 3168248, 26031, 687093, SS|U|B
DJ Stewart, 2184469, 17766, 621466, OF|U|B
Cole Winn, 2942975, sa3008662, 668390, P|B
Jose Trevino, 2226828, 16725, 624431, C|U|B
Andrew Chafin, 1967936, 12988, 605177, P|B
Chris Sale, 1762602, 10603, 519242, P|B
Nico Hoerner, 2942984, 21479, 663538, 2B|SS|U|B
Michael Kelly, 2693483, 12791, 547184, P|B
Dean Kremer, 3077699, 19350, 665152, P|B
Mike Trout, 1739608, 10155, 545361, OF|U|B
Abraham Toro-Hernandez, 2921390, 19844, 647351, 3B|U|B
Jared Walsh, 2227749, 18607, 665120, 1B|U|B
Dustin Harris, 26757037, sa3010279, 687957, OF|U|B
Dylan Floro, 2167510, 13394, 571670, P|B
Joseph Ortiz, 26911690, sa3009889, 687401, 2B|U|B
Austin Dean, 2118905, 18288, 621573, OF|U|B
Charlie Blackmon, 1800284, 7859, 453568, OF|U|B
Donovan Solano, 1666544, 8623, 456781, 1B|2B|U|B
Luis Robert, 2826875, 20043, 673357, OF|U|B
Mitch Keller, 2167302, 17594, 656605, P|B
Mike Mayers, 2167331, 15451, 594577, P|B
Ty France, 2227733, 17982, 664034, 1B|U|B
Tres Barrera, 3089960, 19977, 668663, C|U|B
Raymond Kerr, 2878486, 23809, 678061, P|B
Owen White, 2932070, sa3014481, 669391, P|B
Spenser Watkins, 2826563, 17489, 657093, P|B
Pedro Strop, 1392909, 4070, 467008, P|B
Nolan Arenado, 1755142, 9777, 571448, 3B|U|B
Liam Hendriks, 1756629, 3548, 521230, P|B
Duane Underwood, 2044487, 14677, 621249, P|B
Cooper Criswell, 2932664, 24975, 681867, P|B
Jorge Alfaro, 1846227, 12180, 595751, U|B
Yasmani Grandal, 1765807, 11368, 518735, C|U|B
Endy Rodriguez, 26615321, sa3008272, 682848, C|U|B
Brock Burke, 3055543, 17968, 656271, P|B
Chase Silseth, 28862899, 30074, 681217, P|B
Jake Diekman, 1915025, 5003, 518617, P|B
Tyler Freeman, 2836883, 22532, 671289, 3B|U|B
Yonathan Daza, 2171204, 15794, 602074, OF|U|B
Kyle Lewis, 2250596, 19508, 641786, U|B
Miles Mikolas, 1946522, 9803, 571945, P|B
Tyler Alexander, 2211219, 17735, 641302, P|B
Eric Haase, 2120601, 14111, 606992, C|OF|U|B
Robert Suarez, 26861461, 30115, 663158, P|B
Tommy Henry, 3152114, 26285, 674072, P|B
Jason Vosler, 2226050, 16686, 613564, 1B|U|B
Josh Staumont, 2211250, 18335, 622251, P|B
Braxton Garrett, 2250592, 21844, 666129, P|B
Steven Wilson, 2933203, 20353, 621051, P|B
Michael King, 2918658, 19853, 650633, P|B
Bobby Miller, 2837232, sa3014422, 676272, P|B
Brady Singer, 2942978, 25377, 663903, P|B
Luis Guillorme, 2211197, 16451, 641645, 2B|U|B
Logan Gilbert, 2942974, 22250, 669302, P|B
Antonio Senzatela, 2167335, 15488, 622608, P|B
Nick Nelson, 3150941, 20153, 656793, P|B
Sandy Alcantara, 2211794, 18684, 645261, P|B
Sam Haggerty, 2794801, 18054, 664059, OF|U|B
Garrett Mitchell, 2837246, 27555, 669003, OF|U|B
Paul DeJong, 2211775, 18015, 657557, SS|U|B
Kyle Farmer, 2118133, 14813, 571657, 2B|3B|SS|U|B
Danny Jansen, 2216808, 16535, 643376, C|U|B
Austin Hedges, 1947852, 12976, 595978, C|U|B
Bryan Mata, 2824203, sa917784, 667356, P|B
Keynan Middleton, 2444540, 15264, 641871, P|B
Jordan Lyles, 1717424, 7593, 543475, P|B
Austin Romine, 1495873, 5491, 519222, C|U|B
Dillon Tate, 2184350, 17796, 622253, P|B
Jeurys Familia, 1756628, 5114, 544727, P|B
Aramis Garcia, 2167291, 16925, 605244, C|U|B
Seth Lugo, 2210221, 12447, 607625, P|B
Tom Murphy, 2064804, 13499, 608596, C|U|B
Tony Wolters, 2043940, 11470, 547172, C|U|B
Riley Greene, 3117537, 25976, 682985, OF|U|B
Austin Meadows, 2068549, 15672, 640457, OF|U|B
Cam Gallagher, 2118805, 12981, 595956, C|U|B
Robert Gsellman, 2210220, 13696, 607229, P|B
Roberto Perez, 1740989, 2900, 547379, C|U|B
Matthew Boyd, 2173411, 15440, 571510, P|B
J.D. Martinez, 1795780, 6184, 502110, U|B
Tyler Rogers, 2170031, 15541, 643511, P|B
Caleb Ferguson, 2931288, 19349, 657571, P|B
Tyler Heineman, 2114138, 13897, 623168, C|U|B
Brandon Nimmo, 1894663, 12927, 607043, OF|U|B
Anthony DeSclafani, 2117049, 13050, 543101, P|B
Steven Matz, 2107839, 13361, 571927, P|B
Bruce Zimmermann, 3077701, 20370, 669145, P|B
Kevin Smith, 2837526, 20242, 675656, SS|U|B
Franchy Cordero, 2119255, 14567, 614173, OF|U|B
Scott Effross, 3094730, 18384, 664123, P|B
Jace Peterson, 1959186, 12325, 607054, 2B|3B|U|B
Yuli Gurriel, 2250236, 19198, 493329, 1B|U|B
Jordan Diaz, 2829008, 22650, 672478, 2B|3B|U|B
Stephen Piscotty, 2044751, 13367, 572039, OF|U|B
Mick Abel, 26615392, sa3014534, 690953, P|B
Tim Locastro, 2228219, 15124, 641796, OF|U|B
Marwin Gonzalez, 1599169, 5497, 503556, OF|U|B
Garrett Cleavinger, 2733997, 17897, 664076, P|B
Evan White, 2835069, 20078, 657108, 1B|U|B
Lars Nootbaar, 2932975, 21454, 663457, OF|U|B
Tyler Soderstrom, 3166655, sa3014489, 691016, C|U|B
Myles Straw, 2804215, 17620, 664702, OF|U|B
Zack Greinke, 390851, 1943, 425844, P|B
Clint Frazier, 2066293, 15983, 640449, OF|U|B
Juan Yepez, 26793415, 18400, 660766, OF|U|B
Michael Grove, 2931956, 23221, 675627, P|B
Shane Baz, 2835064, 22264, 669358, P|B
Carlos Estevez, 2210225, 14542, 608032, P|B
Patrick Wisdom, 2046043, 13602, 621550, 3B|U|B
Joey Wentz, 2449979, 19962, 666214, P|B
Jeff Brigham, 2986554, 16631, 656257, P|B
Huascar Ynoa, 3054661, 20468, 660623, P|B
Chris Stratton, 2044544, 13761, 608717, P|B
Daniel Lynch, 2931989, 21537, 663738, P|B
Dallas Keuchel, 1979965, 9434, 572971, P|B
Ramon Urias, 2826354, 18795, 602104, 2B|3B|U|B
Alec Mills, 2210232, 13834, 621219, P|B
Josh Fleming, 2836874, 20418, 676596, P|B
Spencer Turnbull, 2167350, 16207, 605513, P|B
Rowdy Tellez, 2171831, 15679, 642133, 1B|U|B
Victor Arano, 2599645, 15915, 644364, P|B
Matt Brash, 26757032, 25756, 666374, P|B
Andre Jackson, 2837030, 21298, 656578, P|B
Brandon Dixon, 2169803, 15214, 641525, 1B|U|B
Jason Heyward, 1611138, 4940, 518792, OF|U|B
Zach Plesac, 3117235, 19979, 668676, P|B
Konnor Pilkington, 2933013, 21453, 663455, P|B
Trevor Bauer, 1852623, 12703, 545333, P|B
Jose Berrios, 2044503, 14168, 621244, P|B
Camilo Doval, 2822464, 21992, 666808, P|B
Craig Kimbrel, 1718083, 6655, 518886, P|B
Wil Myers, 1744704, 10047, 571976, OF|U|B
Liover Peguero, 3152050, 24273, 678894, 2B|SS|U|B
Nolan Gorman, 2942979, 22263, 669357, 2B|U|B
Tyler Gilbert, 3079502, 17964, 656457, P|B
DJ Peters, 2507365, 19348, 656847, OF|U|B
Cooper Hummel, 3095397, 19458, 669450, U|B
James McCann, 1935464, 12859, 543510, C|U|B
Geraldo Perdomo, 2829102, 22799, 672695, 2B|SS|U|B
Peyton Burdick, 3152053, 25459, 680814, OF|U|B
Justyn-Henry Malloy, 29077345, sa3017073, 669234, 3B|U|B
Lucius Fox, 2227139, 18899, 665650, SS|U|B
Logan O'Hoppe, 3166980, 24729, 681351, C|U|B
Johnny Cueto, 288900, 6893, 456501, P|B
Brusdar Graterol, 2847302, 20367, 660813, P|B
Touki Toussaint, 2135250, 16929, 657053, P|B
Jonah Bride, 26861425, 24703, 681146, 3B|U|B
Gregory Santos, 2825796, 21894, 666619, P|B
Jerad Eickhoff, 2159843, 12664, 595191, P|B
Garrett Stubbs, 2228210, 18067, 596117, C|U|B
Justin Turner, 1600680, 5235, 457759, 1B|U|B
Anthony Bender, 26635138, 19742, 669622, P|B
A.J. Alexy, 3077703, 22343, 669935, P|B
Drew Ward, 2167339, sa737690, 608380, 3B|U|B
Beau Burrows, 2184466, sa874682, 663366, P|B
Wade Miley, 1716842, 8779, 489119, P|B
Orlando Arcia, 2041500, 13185, 606115, SS|U|B
Billy Hamilton, 1799465, 10199, 571740, OF|U|B
Santiago Espinal, 2915585, 19997, 669289, 2B|3B|U|B
Louie Varland, 26911730, 27691, 686973, P|B
Wilmer Flores, 1665897, 5827, 527038, 1B|3B|U|B
Dominic Leone, 2117118, 13763, 608678, P|B
Jonathan Hernandez, 2211788, 17464, 642546, P|B
Owen Miller, 2932941, 24655, 680911, 1B|2B|3B|U|B
Byron Buxton, 2000026, 14161, 621439, U|B
Jacob Nottingham, 2211174, 16448, 641924, U|B
Andres Munoz, 2910638, 20373, 662253, P|B
Carlos Carrasco, 1231629, 6632, 471911, P|B
Nic Enright, 28838300, sa3010299, 663671, P|B
Brett Kennedy, 2823678, 17877, 664028, P|B
Corbin Carroll, 3117913, 25878, 682998, OF|U|B
Travis Swaggerty, 2942970, 24491, 680552, OF|U|B
Miguel Castro, 2167491, 15684, 612434, P|B
Kevin Kiermaier, 1812666, 11038, 595281, OF|U|B
Bryce Harper, 1765813, 11579, 547180, 1B|U|B
Yerry De Los Santos, 26635145, 21420, 660787, P|B
Derek Hill, 2135254, 16947, 656537, OF|U|B
Nathan Eaton, 3158300, 25055, 681987, OF|U|B
Yency Almonte, 2118907, 15068, 622075, P|B
Bryse Wilson, 2910627, 19990, 669060, P|B
Charles Leblanc, 2918998, 19813, 641779, 2B|U|B
Francisco Alvarez, 3152036, 26121, 682626, C|U|B
Mike Ford, 2803830, 15585, 645801, U|B
Alec Hansen, 2453261, sa738344, 641662, P|B
Edward Cabrera, 2821757, 21690, 665795, P|B
Nick Loftin, 26615348, sa3014511, 679845, 1B|U|B
Stuart Fairchild, 2836854, 20321, 656413, OF|U|B
Ke'Bryan Hayes, 2211187, 18577, 663647, 3B|U|B
Kodai Senga, 29046609, 31838, 673540, P|B
Max Schrock, 2447480, 17750, 621011, OF|U|B
Jake Junis, 2443874, 13619, 596001, P|B
Taylor Hearn, 2453409, 18325, 621368, P|B
Pablo Lopez, 2901082, 17085, 641154, P|B
Chris Devenski, 1963330, 12763, 606965, P|B
Taylor Clarke, 2211247, 17611, 664199, P|B
Corey Dickerson, 2041486, 10762, 572816, OF|U|B
Yohel Pozo, 2227767, 18848, 650968, U|B
Conner Menez, 3086090, 19199, 669214, P|B
Jay Groome, 2250597, sa917925, 666130, P|B
Brandon Drury, 1957192, 11615, 592273, 1B|2B|U|B
Nick Lodolo, 3117477, 26378, 666157, P|B
J.B. Wendelken, 2119336, 14506, 605525, P|B
Akil Baddoo, 2449452, 22168, 668731, OF|U|B
Jordan Hicks, 2507337, 19618, 663855, P|B
Tomas Nido, 2443614, 13755, 621512, C|U|B
Charlie Culberson, 1666687, 3298, 518586, 3B|U|B
Paul Sewald, 2218312, 13892, 623149, P|B
Jesus Tinoco, 2211808, 16300, 622786, P|B
Jerar Encarnacion, 3157276, 21871, 666464, OF|U|B
Miguel Andujar, 2167340, 15878, 609280, OF|U|B
Chad Green, 2118874, 15552, 643338, P|B
Colin Poche, 2915811, 19403, 621363, P|B
Genesis Cabrera, 2507521, 17490, 650893, P|B
Oswaldo Cabrera, 2821765, 21707, 665828, OF|U|B
Steven Kwan, 2932861, 24610, 680757, OF|U|B
Dennis Santana, 2898231, 17878, 642701, P|B
Jose Urena, 2053483, 11589, 570632, P|B
Taylor Jones, 2804214, 19533, 622100, 1B|U|B
Brayan Bello, 26615413, 23920, 678394, P|B
Andrew Knapp, 2066819, 14942, 595284, C|U|B
Jake Burger, 2835063, 22275, 669394, 3B|U|B
Yoan Lopez, 2166704, 17181, 661255, P|B
Sam Huff, 3096418, 22209, 669087, C|U|B
Alex Lange, 2837106, 19883, 656638, P|B
Alex Reyes, 2117043, 15015, 621052, P|B
Blake Rutherford, 2250603, sa917932, 666164, OF|U|B
Kyle Nelson, 2837289, 20515, 669459, P|B
Diego Castillo, 2804217, 17496, 650895, P|B
Taylor Motter, 2043829, 12399, 600301, 2B|U|B
Jack Leiter, 26719545, sa3018053, 683004, P|B
Ian Anderson, 2250590, 19951, 666120, P|B
Josh Hader, 2044482, 14212, 623352, P|B
Jake Bauers, 2165918, 15194, 641343, 1B|OF|U|B
Jaime Barria, 2898209, 18356, 642545, P|B
Yoan Moncada, 2170320, 17232, 660162, 3B|U|B
Shane Bieber, 2507333, 19427, 669456, P|B
Ryan Noda, 2837297, sa873960, 676116, 1B|U|B
Rene Pinto, 2825130, 19859, 650907, C|U|B
Devin Williams, 2066820, 15816, 642207, P|B
Joey Wendle, 2052585, 13853, 621563, SS|U|B
Steven Duggar, 2227633, 17719, 621453, OF|U|B
Mike Zunino, 2000025, 13265, 572287, C|U|B
Rowan Wick, 2171369, 14646, 592858, P|B
Lewis Brinson, 2044517, 14352, 621446, OF|U|B
Zachary Neto, 28920016, sa3019855, 687263, SS|U|B
