Jeffrey Springs, 2227187, 17677, 605488, P
Gerrit Cole, 1893753, 13125, 543037, P
Aaron Civale, 2507332, 19479, 650644, P
Seth Lugo, 2210221, 12447, 607625, P
Adam Duvall, 2042091, 10950, 594807, OF|U
Cedric Mullins, 2227731, 17929, 656775, OF|U
Clayton Kershaw, 1221725, 2036, 477132, P
Spencer Strider, 2837573, 27498, 675911, P
Graham Ashcraft, 26635137, 27552, 668933, P
Marcus Stroman, 2001082, 13431, 573186, P
Shane McClanahan, 2931996, 21483, 663556, P
Pablo Lopez, 2901082, 17085, 641154, P
Kyle Freeland, 2135246, 16256, 607536, P
Joe Ryan, 2933069, 21390, 657746, P
C.J. Cron, 1894603, 12546, 543068, 1B|U
Mike Clevinger, 2044484, 12808, 605182, P
Luis Castillo, 2223751, 15689, 622491, P
Dylan Cease, 2211754, 18525, 656302, P
Tyler Anderson, 1894636, 12880, 542881, P
Jesus Luzardo, 2910624, 19959, 666200, P
Julio Urias, 2073700, 14765, 628711, P
Kodai Senga, 29046609, 31838, 673540, P
Zach Eflin, 2044513, 13774, 621107, P
Enyel De Los Santos, 2211795, 18403, 660853, P
Andrew Chafin, 1967936, 12988, 605177, P
Trayce Thompson, 1741020, 9952, 572204, OF|U
German Marquez, 2210237, 15038, 608566, P
Justin Steele, 2211224, 17312, 657006, P
Dustin May, 2507335, 19716, 669160, P
Patrick Sandoval, 3077725, 19447, 663776, P
Jack Flaherty, 2135266, 17479, 656427, P
MacKenzie Gore, 2835055, 22201, 669022, P
Nick Sandlin, 2932044, 20517, 680704, P
Peter Strzelecki, 28869467, 21367, 657265, P
Trevor Stephan, 2837558, 19932, 663986, P
Brandon Woodruff, 2449977, 16162, 605540, P
Wander Franco, 2955091, 23667, 677551, SS|U
Drey Jameson, 3117934, 26260, 686753, P
Max Scherzer, 1225651, 3137, 453286, P
Paul Sewald, 2218312, 13892, 623149, P
Sonny Gray, 1894635, 12768, 543243, P
Noah Syndergaard, 1757988, 11762, 592789, P
Eric Lauer, 2250610, 19316, 641778, P
Yoan Moncada, 2170320, 17232, 660162, 3B|U
Mitch Garver, 2164748, 15161, 641598, U
Taylor Ward, 2184470, 17548, 621493, OF|U
Jorge Lopez, 2167482, 14527, 605347, P
Ron Marinaccio, 2837167, 23488, 676760, P
Xander Bogaerts, 1945481, 12161, 593428, SS|U
Logan Gilbert, 2942974, 22250, 669302, P
Adam Frazier, 2121473, 15223, 624428, 2B|OF|U
Brendan Donovan, 2932701, 24679, 680977, 1B|2B|3B|OF|U
Aaron Judge, 2071264, 15640, 592450, OF|U
Emmanuel Clase, 3107591, 21032, 661403, P
Josh Hader, 2044482, 14212, 623352, P
Alexis Diaz, 26861431, 21132, 664747, P
Nick Lodolo, 3117477, 26378, 666157, P
Andre Jackson, 2837030, 21298, 656578, P
Tylor Megill, 2932933, 21318, 656731, P
Ryne Stanek, 2068544, 15947, 592773, P
Martin Perez, 1674411, 6902, 527048, P
Tucker Davidson, 2910640, 19871, 656353, P
Nolan Gorman, 2942979, 22263, 669357, 2B|3B|U
Tanner Houck, 2835078, 19879, 656557, P
Shane Bieber, 2507333, 19427, 669456, P
Kenley Jansen, 1208718, 3096, 445276, P
David Robertson, 1622557, 8241, 502085, P
Jake Junis, 2443874, 13619, 596001, P
Yordan Alvarez, 2507341, 19556, 670541, OF|U
Jorge Mateo, 2167484, 17273, 622761, SS|U
Trevor May, 1733562, 6398, 543507, P
Phil Maton, 2693484, 18064, 664208, P
Kevin Gausman, 2000033, 14107, 592332, P
Jonathan Hernandez, 2211788, 17464, 642546, P
Charlie Blackmon, 1800284, 7859, 453568, OF|U
Brent Suter, 2124204, 13942, 608718, P
Framber Valdez, 2739968, 17295, 664285, P
Nathan Eovaldi, 1803864, 9132, 543135, P
Adbert Alzolay, 2821213, 17859, 640470, P
Jordan Romano, 2734002, 16122, 605447, P
Jonathan India, 2942965, 21523, 663697, 2B|U
Josh Winckowski, 26615442, 22387, 670174, P
Dennis Santana, 2898231, 17878, 642701, P
Matt Olson, 2044509, 14344, 621566, 1B|U
Marcus Semien, 1947827, 12533, 543760, 2B|U
Jordan Montgomery, 2453275, 16511, 656756, P
Austin Hays, 2507192, 19363, 669720, OF|U
Joey Gallo, 2007960, 14128, 608336, 1B|OF|U
Bryan Abreu, 3055522, 16609, 650556, P
Caleb Thielbar, 1961735, 10078, 573204, P
Logan Webb, 3055542, 17995, 657277, P
Andres Munoz, 2910638, 20373, 662253, P
Will Smith, 2250617, 19197, 669257, C|U
oppe, 3166980, 24729, 681351, C|U
Tyler Alexander, 2211219, 17735, 641302, P
Cole Ragans, 2250615, 21846, 666142, P
Albert Abreu, 2211792, 17485, 656061, P
Kyle Muller, 2449981, 20167, 666205, P
David Bednar, 2821492, 19569, 670280, P
Pierce Johnson, 2044525, 13435, 572955, P
Enrique Hernandez, 1810385, 10472, 571771, 2B|OF|SS|U
JT Chargois, 2210203, 13767, 608638, P
Will Smith, 1666825, 8048, 519293, P
Mike Zunino, 2000025, 13265, 572287, C|U
Wandy Peralta, 2264742, 14295, 593974, P
Tim Anderson, 2066301, 15172, 641313, SS|U
Lucas Luetge, 1925712, 8337, 476595, P
Jacob Bird, 28838541, 21267, 656234, P
Robbie Grossman, 1670950, 5254, 543257, OF|U
Derek Law, 2114069, 13133, 571882, P
Kyle Nelson, 2837289, 20515, 669459, P
Steven Wilson, 2933203, 20353, 621051, P
Zach Davies, 2167465, 13183, 605200, P
Jhoan Duran, 2911279, 21029, 661395, P
Dany Jimenez, 2823561, 21170, 666204, P
Jose Siri, 2170135, 17452, 642350, OF|U
Andres Gimenez, 2507353, 19950, 665926, 2B|U
Adley Rutschman, 3117469, 26288, 668939, C|U
Drew VerHagen, 2113508, 13424, 572403, P
Alex Verdugo, 2167479, 17027, 657077, OF|U
Gleyber Torres, 2167471, 16997, 650402, 2B|U
Brooks Raley, 2000754, 10061, 548384, P
Rafael Montero, 2038824, 12760, 606160, P
Kyle Tucker, 2184352, 18345, 663656, OF|U
Tommy Pham, 1804466, 2967, 502054, OF|U
Jesse Chavez, 1098908, 5448, 445926, P
Lance Lynn, 1733864, 2520, 458681, P
Aroldis Chapman, 1717646, 10233, 547973, P
Taylor Clarke, 2211247, 17611, 664199, P
Ty France, 2227733, 17982, 664034, 1B|U
Buck Farmer, 2141540, 14814, 571656, P
Austin Gomber, 2216698, 16561, 596295, P
Alex Cobb, 1784973, 6562, 502171, P
Caleb Ferguson, 2931288, 19349, 657571, P
Kyle Gibson, 1739665, 10123, 502043, P
Aaron Bummer, 2637180, 16258, 607481, P
Miguel Castro, 2167491, 15684, 612434, P
Lucas Giolito, 2000027, 15474, 608337, P
Ryan Yarbrough, 2167343, 16502, 642232, P
Rich Hill, 555244, 4806, 448179, P
Julio Rodriguez, 2825528, 23697, 677594, OF|U
Garrett Cleavinger, 2733997, 17897, 664076, P
Domingo Acevedo, 2211789, 17092, 642758, P
Mark Leiter, 2804924, 15551, 643410, P
Elijah Morgan, 3077700, 20203, 669212, P
Luis Garcia, 2069487, 6984, 472610, P
Devin Williams, 2066820, 15816, 642207, P
Adam Cimber, 2228215, 15288, 643256, P
Griffin Jax, 3157710, 20253, 643377, P
Tommy Hunter, 1595123, 1157, 488984, P
Dane Dunning, 2250614, 19409, 641540, P
A.J. Puk, 2250620, 19343, 640462, P
Eduardo Rodriguez, 2042426, 13164, 593958, P
Michael Wacha, 2001081, 14078, 608379, P
James Outman, 2932989, 24770, 681546, OF|U
Masataka Yoshida, 29041593, 31837, 807799, OF|U
Randy Arozarena, 2914723, 19290, 668227, OF|U
Jordan Lyles, 1717424, 7593, 543475, P
Shelby Miller, 1739603, 10197, 571946, P
Phil Bickford, 2184454, 18519, 641360, P
Ryan Thompson, 2801794, 16647, 657044, P
Jimmy Herget, 2509405, 17556, 623474, P
Matt Strahm, 2210233, 13799, 621381, P
Danny Coulombe, 2120231, 13293, 543056, P
Brandon Crawford, 1666686, 5343, 543063, SS|U
Chas McCormick, 2837198, 19599, 676801, OF|U
Luis Arraez, 2821318, 18568, 650333, 1B|2B|U
Trevor Richards, 2914673, 19309, 670950, P
Tim Hill, 2791772, 16814, 657612, P
Matt Barnes, 1947821, 12863, 598264, P
Jake Fraley, 2782922, 19260, 641584, OF|U
Giancarlo Stanton, 1630093, 4949, 519317, OF|U
Erasmo Ramirez, 1939521, 10314, 541640, P
Chris Martin, 2048821, 11847, 455119, P
Hector Neris, 1960527, 11804, 593576, P
Hunter Harvey, 2066703, 15507, 640451, P
Dansby Swanson, 2184343, 18314, 621020, SS|U
Merrill Kelly, 2050483, 11156, 518876, P
Oneil Cruz, 2822182, 21711, 665833, SS|U
Rafael Devers, 2165929, 17350, 646240, 3B|U
Duane Underwood, 2044487, 14677, 621249, P
Jose Alvarado, 2444515, 17780, 621237, P
Matt Bush, 547421, 1246, 456713, P
Yency Almonte, 2118907, 15068, 622075, P
Jeurys Familia, 1756628, 5114, 544727, P
Paul Goldschmidt, 1765052, 9218, 502671, 1B|U
Patrick Wisdom, 2046043, 13602, 621550, 3B|OF|U
John Schreiber, 2920577, 20020, 670167, P
Zack Greinke, 390851, 1943, 425844, P
Collin McHugh, 2008572, 7531, 543521, P
Max Fried, 2001078, 13743, 608331, P
Mike Trout, 1739608, 10155, 545361, OF|U
Joey Wentz, 2449979, 19962, 666214, P
Alec Bohm, 2942960, 21618, 664761, 1B|3B|U
Yandy Diaz, 2121030, 16578, 650490, 1B|3B|U
Evan Phillips, 2779811, 17734, 623465, P
Adolis Garcia, 2728643, 19287, 666969, OF|U
Carlos Estevez, 2210225, 14542, 608032, P
Tyler Rogers, 2170031, 15541, 643511, P
Anthony Banda, 2227751, 14706, 607455, P
Keegan Thompson, 2837600, 19795, 624522, P
Jose Cisnero, 2044205, 6399, 542585, P
Brad Boxberger, 1813265, 10133, 502202, P
A.J. Minter, 2449982, 18655, 621345, P
Taylor Hearn, 2453409, 18325, 621368, P
Joe Jimenez, 2167349, 15761, 641729, P
Carlos Hernandez, 2848440, 22713, 672578, P
Felix Bautista, 2821464, 20666, 642585, P
Christian Walker, 2044379, 13419, 572233, 1B|U
David Peterson, 2835074, 20302, 656849, P
Alex Young, 2211246, 18333, 622065, P
Bailey Falter, 26608272, 20070, 663559, P
rnaud, 1730742, 7739, 518595, C|U
Nick Martinez, 2119647, 12730, 607259, P
Michael Fulmer, 2007003, 13218, 605242, P
Starling Marte, 1741213, 9241, 516782, OF|U
Anthony Volpe, 3117930, sa3010868, 683011, SS|U
Kendall Graveman, 2146204, 15514, 608665, P
Mark Canha, 1960772, 11445, 592192, OF|U
Adam Ottavino, 1537191, 1247, 493603, P
Brock Burke, 3055543, 17968, 656271, P
Jorge Alcala, 2821135, 19459, 660896, P
Peter Fairbanks, 3117421, 17998, 664126, P
Scott Alexander, 2113509, 10591, 518397, P
Scott Barlow, 1947842, 14993, 605130, P
Dylan Floro, 2167510, 13394, 571670, P
Alex Lange, 2837106, 19883, 656638, P
Jason Adam, 1846226, 11861, 592094, P
Carl Edwards, 2073701, 13607, 605218, P
Jose Hernandez, 29038651, sa928463, 669796, P
Ryan Mountcastle, 2211203, 18373, 663624, 1B|U
Gus Varland, 2933158, sa3007779, 681402, P
Colin Poche, 2915811, 19403, 621363, P
Wil Crowe, 2836767, 19800, 640444, P
Blake Snell, 2006996, 13543, 605483, P
John Brebbia, 2821662, 12777, 605154, P
Matt Brash, 26757032, 25756, 666374, P
Erik Swanson, 2927324, 16587, 657024, P
Reiver Sanmartin, 2825758, 19754, 665665, P
Kevin Kelly, 28840203, sa3009999, 687330, P
Matt Chapman, 2135256, 16505, 656305, 3B|U
Zach Jackson, 3086076, 19493, 667427, P
Ian Happ, 2184356, 17919, 664023, OF|U
Yimi Garcia, 2048494, 12095, 554340, P
Alec Burleson, 26615325, 27615, 676475, OF|U
Jose Leclerc, 2170066, 14524, 600917, P
Jason Vosler, 2226050, 16686, 613564, 1B|3B|U
Garrett Cooper, 2120004, 15279, 643265, 1B|U
Justin Turner, 1600680, 5235, 457759, 1B|3B|U
Nolan Arenado, 1755142, 9777, 571448, 3B|U
Gio Urshela, 2043931, 10681, 570482, 1B|3B|SS|U
Pete Alonso, 2447476, 19251, 624413, 1B|U
Cionel Perez, 2900485, 19614, 672335, P
Chasen Shreve, 2052548, 10855, 592741, P
Ryan Helsley, 2211752, 18138, 664854, P
Keibert Ruiz, 2507339, 19610, 660688, C|U
Seby Zavala, 2804021, 18887, 664874, C|U
Trevor Gott, 2165523, 15046, 641627, P
Matt Festa, 2822697, 19330, 670036, P
Ronald Acuna, 2211777, 18401, 660670, OF|U
Kyle Finnegan, 2739972, 15009, 640448, P
Nick Fortes, 2932739, 21538, 663743, C|U
Yasmani Grandal, 1765807, 11368, 518735, C|U
Oscar Colas, 28837104, sa3018099, 693049, OF|U
Sandy Alcantara, 2211794, 18684, 645261, P
Jalen Beeks, 2743312, 17192, 656222, P
Diego Castillo, 2804217, 17496, 650895, P
Trevor Larnach, 2942980, 21501, 663616, OF|U
Matt Duffy, 2120665, 13836, 622110, 1B|2B|3B|U
Corbin Carroll, 3117913, 25878, 682998, OF|U
Brad Keller, 2823660, 15734, 641745, P
Thad Ward, 2933185, sa3008098, 663658, P
Byron Buxton, 2000026, 14161, 621439, OF|U
Brad Miller, 1953818, 12775, 543543, 1B|3B|OF|U
Nate Lowe, 2920354, 19566, 663993, 1B|U
Chris Flexen, 2443613, 13896, 623167, P
Vince Velasquez, 2117039, 11189, 592826, P
Nick Castellanos, 1765816, 11737, 592206, OF|U
Kris Bryant, 2071263, 15429, 592178, OF|U
Trevor Rogers, 2835065, 22286, 669432, P
Taylor Rogers, 2164751, 13449, 573124, P
Mason Englert, 2932717, sa3015036, 669438, P
Camilo Doval, 2822464, 21992, 666808, P
Jeremy Pena, 2932999, 21636, 665161, SS|U
Josh Jung, 3117479, 26299, 673962, 3B|U
Bo Bichette, 2447495, 19612, 666182, SS|U
Chris Stratton, 2044544, 13761, 608717, P
Ramon Urias, 2826354, 18795, 602104, 2B|3B|U
Sean Hjelle, 2931967, 21481, 663546, P
Michael Baumann, 2910630, 20206, 657508, P
George Springer, 1894629, 12856, 543807, OF|U
Edward Olivares, 2734289, 19698, 658668, OF|U
Jesse Winker, 2044492, 13590, 608385, OF|U
Penn Murfee, 3157643, 25174, 682171, P
Andre Pallante, 26615439, 26108, 669467, P
Myles Straw, 2804215, 17620, 664702, OF|U
Austin Voth, 2138864, 15047, 608723, P
Joe Kelly, 1794767, 9761, 523260, P
Brad Hand, 1795804, 9111, 543272, P
Emilio Pagan, 2120160, 14771, 641941, P
Daulton Varsho, 2837630, 19918, 662139, C|OF|U
Mookie Betts, 2106654, 13611, 605141, 2B|OF|SS|U
J.T. Realmuto, 1947839, 11739, 592663, C|U
Willson Contreras, 2171084, 11609, 575929, C|U
Cristian Javier, 2910637, 17606, 664299, P
Kevin Newman, 2184455, 17696, 621028, 2B|SS|U
Ji-Hwan Bae, 3095687, 23818, 678225, 2B|OF|U
Jose Azocar, 2222107, 18821, 640492, OF|U
Orlando Arcia, 2041500, 13185, 606115, 2B|SS|U
Ryan McMahon, 2066810, 15112, 641857, 2B|3B|U
Tommy Edman, 2914724, 19470, 669242, 2B|OF|SS|U
Luis Robert, 2826875, 20043, 673357, OF|U
Ryan Tepera, 1945614, 10291, 572193, P
Jose Abreu, 2106364, 15676, 547989, 1B|U
Jordan Walker, 3166486, sa3014464, 691023, 3B|OF|U
Trea Turner, 2135249, 16252, 607208, SS|U
Brandon Nimmo, 1894663, 12927, 607043, OF|U
Bryan Reynolds, 2449444, 19326, 668804, OF|U
Gregory Santos, 2825796, 21894, 666619, P
Elehuris Montero, 2824484, 20543, 660707, 3B|U
Jorge Soler, 1988873, 14221, 624585, OF|U
J.D. Martinez, 1795780, 6184, 502110, U
Clarke Schmidt, 2835068, 19899, 657376, P
Keegan Akin, 2449983, 19362, 669211, P
Joshua Lowe, 2250598, 19953, 666139, OF|U
David Hensley, 27022635, 25111, 682073, 2B|U
eill, 2171342, 15711, 641933, OF|U
Kyle Lewis, 2250596, 19508, 641786, OF|U
Trent Grisham, 2184451, 18564, 663757, OF|U
Steven Kwan, 2932861, 24610, 680757, OF|U
Connor Joe, 2135269, 16572, 656582, 1B|OF|U
Cole Sulser, 2826119, 15256, 642121, P
Josh Naylor, 2184448, 18839, 647304, 1B|U
Jovani Moran, 26754137, 20422, 663558, P
Bryan Baker, 3157614, 19804, 641329, P
Luis Garcia, 2862994, 23735, 677651, P
Connor Brogdon, 2836653, 21205, 641401, P
Omar Narvaez, 2171702, 13338, 553882, C|U
Tyler Stephenson, 2184447, 17988, 663886, 1B|C|U
Corey Seager, 2041873, 13624, 608369, SS|U
Hunter Greene, 2835054, 22182, 668881, P
Jason Foley, 3174282, 19531, 671345, P
Kyle Higashioka, 1735742, 5517, 543309, C|U
Corbin Burnes, 2849889, 19361, 669203, P
Thairo Estrada, 2739969, 16426, 642731, 2B|SS|U
Edward Cabrera, 2821757, 21690, 665795, P
Vladimir Guerrero, 2221784, 19611, 665489, 1B|U
Brian Anderson, 2167336, 18289, 605119, 3B|OF|U
Joc Pederson, 1811026, 11899, 592626, OF|U
Josh Donaldson, 1493883, 5038, 518626, 3B|U
Jose Urquidy, 2228194, 18413, 664353, P
Zack Wheeler, 1744777, 10310, 554430, P
Garrett Hill, 28838023, 25097, 682051, P
Anthony Rizzo, 1670417, 3473, 519203, 1B|U
Jonah Heim, 2167467, 16930, 641680, C|U
Cal Raleigh, 2933037, 21534, 663728, C|U
Amir Garrett, 2053474, 14375, 607237, P
Miguel Vargas, 3152039, 20178, 678246, 1B|2B|U
Jake Diekman, 1915025, 5003, 518617, P
Spencer Steer, 26635167, 26323, 668715, 1B|3B|U
Ramon Laureano, 2224252, 17128, 657656, OF|U
Andrew Vaughn, 3117474, 26197, 683734, 1B|OF|U
Anthony Bass, 1793606, 7982, 542914, P
Braxton Garrett, 2250592, 21844, 666129, P
Jose Ruiz, 2498754, 14552, 614179, P
Nabil Crismatt, 2822163, 17732, 622503, P
Dylan Carlson, 2250618, 20126, 666185, OF|U
Tanner Scott, 2223750, 17586, 656945, P
Nico Hoerner, 2942984, 21479, 663538, 2B|SS|U
Richard Bleier, 2120124, 7803, 542947, P
Lane Thomas, 2731209, 16939, 657041, OF|U
Jose Ramirez, 2044495, 13510, 608070, 3B|U
Dinelson Lamet, 2507517, 17186, 659275, P
Dominic Smith, 2066296, 15653, 642086, 1B|U
Michael Harris, 3167984, 25931, 671739, OF|U
Freddie Freeman, 1630079, 5361, 518692, 1B|U
Kerry Carpenter, 3157914, 25961, 681481, OF|U
Anthony Santander, 2504134, 14551, 623993, OF|U
Michael King, 2918658, 19853, 650633, P
Ross Stripling, 2044533, 13273, 548389, P
Hunter Gaddis, 28921922, 25636, 683769, P
Sam Hilliard, 2228436, 17954, 656541, OF|U
Chase De Jong, 2044548, 15036, 608328, P
Ha-seong Kim, 26608279, 27506, 673490, 2B|3B|SS|U
Kevin Kiermaier, 1812666, 11038, 595281, OF|U
Mitch Keller, 2167302, 17594, 656605, P
Brusdar Graterol, 2847302, 20367, 660813, P
Tim Mayza, 2228208, 15042, 641835, P
Reynaldo Lopez, 2165932, 16400, 625643, P
Kevin Ginkel, 3085906, 19876, 656464, P
Jacob deGrom, 2044508, 10954, 594798, P
TJ Friedl, 2507496, 19522, 670770, OF|U
Andrew Benintendi, 2184354, 17901, 643217, OF|U
Mike Yastrzemski, 2119046, 14854, 573262, OF|U
Ryan Pressly, 2029067, 7005, 519151, P
Christian Vazquez, 1810924, 9774, 543877, C|U
Matt Carpenter, 1794765, 8090, 572761, 1B|U
Bryson Stott, 3117910, 26294, 681082, 2B|SS|U
Francisco Mejia, 2117123, 16403, 642336, C|U
Taylor Walls, 2837649, 26396, 669701, 2B|3B|SS|U
Ryan Jeffers, 2931974, 24618, 680777, C|U
Austin Meadows, 2068549, 15672, 640457, OF|U
Jake Lamb, 2044246, 13329, 571875, 1B|OF|U
Aaron Loup, 1960798, 10343, 571901, P
Alejandro Kirk, 2875260, 22581, 672386, C|U
Adam Oller, 26861446, 20132, 670124, P
Eugenio Suarez, 1960254, 12552, 553993, 3B|U
Ryan McKenna, 2804508, 19928, 663630, OF|U
Jameson Taillon, 1765806, 11674, 592791, P
Javier Assad, 2910632, 21741, 665871, P
Jazz Chisholm, 2507358, 20454, 665862, 2B|OF|U
Marco Gonzales, 2066303, 15467, 594835, P
Cooper Hummel, 3095397, 19458, 669450, OF|U
Brandon Marsh, 2449449, 20202, 669016, OF|U
Christian Yelich, 1765815, 11477, 592885, OF|U
Jeff McNeil, 2169895, 15362, 643446, 2B|OF|U
Ozzie Albies, 2167464, 16556, 645277, 2B|U
Whit Merrifield, 1961293, 11281, 593160, 2B|OF|U
Travis Jankowski, 2044387, 13768, 608671, OF|U
Zac Gallen, 2914671, 19291, 668678, P
Brandon Lowe, 2910604, 18882, 664040, 2B|U
Triston Casas, 2942989, 22514, 671213, 1B|U
Garrett Mitchell, 2837246, 27555, 669003, OF|U
Willy Adames, 2165933, 15986, 642715, SS|U
Geraldo Perdomo, 2829102, 22799, 672695, 2B|SS|U
Manny Machado, 1765812, 11493, 592518, 3B|U
Alex Vesia, 2933171, 25007, 681911, P
Clay Holmes, 2044540, 13649, 605280, P
DJ LeMahieu, 1740958, 9874, 518934, 1B|2B|3B|U
Darick Hall, 2910602, 19717, 669742, 1B|U
Andrew McCutchen, 1103290, 9847, 457705, OF|U
Tim Locastro, 2228219, 15124, 641796, OF|U
William Contreras, 2822087, 20503, 661388, C|U
Amed Rosario, 2117042, 15518, 642708, SS|U
Donovan Solano, 1666544, 8623, 456781, 1B|2B|U
Eloy Jimenez, 2167765, 17484, 650391, OF|U
LaMonte Wade, 2211805, 18126, 664774, 1B|OF|U
Aaron Nola, 2133925, 16149, 605400, P
Sam Haggerty, 2794801, 18054, 664059, 2B|OF|U
Salvador Perez, 1793168, 7304, 521692, C|U
Kyle Farmer, 2118133, 14813, 571657, 2B|3B|SS|U
James Karinchak, 2837062, 20151, 675916, P
David Peralta, 2119697, 2136, 444482, OF|U
Isaac Paredes, 2910610, 20036, 670623, 1B|2B|3B|U
Marcell Ozuna, 1953522, 10324, 542303, OF|U
Edmundo Sosa, 2167505, 17022, 624641, 3B|SS|U
Bubba Thompson, 2835080, sa3008294, 668930, OF|U
Will Brennan, 28838297, 25660, 686823, OF|U
Joey Meneses, 2218068, 14366, 608841, 1B|OF|U
Luis Campusano, 2836688, 22217, 669134, C|U
Victor Robles, 2211801, 18363, 645302, OF|U
Joey Wiemer, 26757772, sa3014531, 686894, OF|U
Yonathan Daza, 2171204, 15794, 602074, OF|U
Josiah Gray, 2931954, 24580, 680686, P
Luis Rengifo, 2772560, 19858, 650859, 2B|3B|OF|U
Aledmys Diaz, 2119877, 15937, 649557, 2B|3B|OF|SS|U
Austin Riley, 2211186, 18360, 663586, 3B|U
Lars Nootbaar, 2932975, 21454, 663457, OF|U
Seth Brown, 2227766, 18171, 664913, 1B|OF|U
Nick Ahmed, 1959715, 12147, 605113, SS|U
Martin Maldonado, 1601825, 6887, 455117, C|U
Jake McCarthy, 2931995, 21622, 664983, OF|U
Dylan Coleman, 2932645, 22276, 669395, P
Gregory Soto, 2826036, 19677, 642397, P
Luke Raley, 2921005, 19354, 670042, 1B|OF|U
Patrick Corbin, 1758836, 9323, 571578, P
Brian Serven, 3088372, 19422, 661531, C|U
Romy Gonzalez, 2932774, 21562, 663853, 2B|OF|U
Owen Miller, 2932941, 24655, 680911, 1B|2B|3B|OF|U
Robbie Ray, 1947846, 11486, 592662, P
Raimel Tapia, 2117124, 14350, 606132, OF|U
Yan Gomes, 1945612, 9627, 543228, C|U
Jose Miranda, 26615340, 20538, 669304, 1B|3B|U
Lourdes Gurriel, 2431991, 19238, 666971, OF|U
Jacob Stallings, 2119598, 13723, 607732, C|U
Cal Quantrill, 2250593, 19312, 615698, P
Kolten Wong, 1894637, 12532, 543939, 2B|U
Jesus Aguilar, 1947830, 11342, 542583, 1B|U
Gabriel Moreno, 2829082, 22664, 672515, C|U
Alex Call, 2507195, 19296, 669743, OF|U
Tony Kemp, 2165920, 14894, 643393, 2B|OF|U
Yuli Gurriel, 2250236, 19198, 493329, 1B|U
Jose Trevino, 2226828, 16725, 624431, C|U
Daniel Vogelbach, 2028783, 14130, 596129, U
Jarred Kelenic, 2942966, 22558, 672284, OF|U
David Villar, 2933177, 24782, 681584, 2B|3B|U
Brett Phillips, 2167477, 14735, 621433, OF|U
Estevan Florial, 2507504, 19151, 664314, OF|U
Alan Trejo, 2837612, 20056, 676701, 2B|3B|SS|U
Joey Bart, 2942959, 21524, 663698, C|U
Jason Delay, 2836796, 19806, 641511, C|U
Hanser Alberto, 2044664, 11902, 593643, 2B|3B|U
Juan Soto, 2507367, 20123, 665742, OF|U
Trey Mancini, 2119352, 15149, 641820, 1B|OF|U
Miguel Cabrera, 288897, 1744, 408234, U
Craig Kimbrel, 1718083, 6655, 518886, P
Luis Torrens, 2167460, 15905, 620443, C|U
Rodolfo Castro, 2821931, 21987, 666801, 2B|3B|SS|U
Ezequiel Duran, 3077704, 23733, 677649, 3B|OF|SS|U
Conner Capel, 2786282, 19983, 668843, OF|U
Terrin Vavra, 2933162, 24400, 679631, 2B|OF|U
Jackie Bradley Jr., 1960252, 12984, 598265, OF|U
Rougned Odor, 1947857, 12282, 596059, 2B|OF|U
Mike Moustakas, 1232128, 4892, 519058, 1B|3B|U
Christian Arroyo, 2066307, 16434, 624414, 2B|U
Francisco Lindor, 1894627, 12916, 596019, SS|U
Jesus Sanchez, 2507366, 19913, 660821, OF|U
Evan Longoria, 1114751, 9368, 446334, 3B|U
Oswaldo Cabrera, 2821765, 21707, 665828, 3B|OF|U
Danny Jansen, 2216808, 16535, 643376, C|U
Ryan Brasier, 1661452, 5615, 518489, P
Stuart Fairchild, 2836854, 20321, 656413, OF|U
Matt Thaiss, 2250601, 19318, 642136, C|U
Meibrys Viloria, 2506928, 17109, 650619, C|U
Aaron Hicks, 1669559, 5297, 543305, OF|U
Kyle Stowers, 3152105, 26151, 669065, OF|U
Matt Beaty, 2750312, 17710, 607461, OF|U
Garrett Stubbs, 2228210, 18067, 596117, C|U
Yu Chang, 2169720, 14773, 644374, 2B|SS|U
Jake Cave, 2120354, 14477, 595909, OF|U
Ken Waldichuk, 26671992, 27681, 686610, P
Gabriel Arias, 2876077, 22563, 672356, 1B|3B|OF|SS|U
J.D. Davis, 2167497, 16219, 605204, 3B|U
Andrew Knizner, 2699270, 19514, 668800, C|U
Josh Harrison, 1670494, 8202, 543281, 2B|3B|OF|U
David Fletcher, 2211771, 17992, 664058, 2B|SS|U
Victor Caratini, 2066830, 14968, 605170, C|U
Austin Nola, 2050477, 15941, 543592, C|U
Esteury Ruiz, 2825651, 21780, 665923, OF|U
Carlos Santana, 1208743, 2396, 467793, 1B|U
Corey Julks, 2837058, sa913274, 667452, OF|U
Tom Murphy, 2064804, 13499, 608596, C|U
Tucker Barnhart, 1803883, 10200, 571466, C|U
Nicky Lopez, 2788552, 19339, 670032, 2B|3B|SS|U
Cavan Biggio, 2772291, 19252, 624415, 1B|2B|OF|U
Ryan Noda, 2837297, sa873960, 676116, 1B|U
Edwin Rios, 2447492, 18316, 621458, U
Canaan Smith-Njigba, 2837520, 23264, 675986, OF|U
Reese McGuire, 2066298, 15674, 624512, C|U
Nick Madrigal, 2942964, 20521, 663611, 2B|3B|U
Zach McKinstry, 2794938, 19392, 656716, 2B|3B|OF|U
Roberto Perez, 1740989, 2900, 547379, C|U
Miles Mastrobuoni, 2824202, 20017, 670156, 2B|OF|U
Ezequiel Tovar, 26615356, 24064, 678662, SS|U
Kyle Isbel, 2932828, 21614, 664728, OF|U
Michael Taylor, 1954849, 11489, 572191, OF|U
Shea Langeliers, 3117480, 25816, 669127, C|U
Harold Castro, 2170086, 14691, 605612, 1B|2B|3B|OF|U
Michael Massey, 26615330, 27684, 686681, 2B|U
Madison Bumgarner, 1619074, 5524, 518516, P
Elvis Andrus, 1099374, 8709, 462101, 2B|SS|U
Carlos Correa, 2000028, 14162, 621043, SS|U
Oscar Gonzalez, 2507497, 20970, 660757, OF|U
Corey Dickerson, 2041486, 10762, 572816, OF|U
A.J. Pollock, 1740992, 9256, 572041, OF|U
Jason Heyward, 1611138, 4940, 518792, OF|U
Wilmer Flores, 1665897, 5827, 527038, 1B|2B|3B|U
Mike Brosseau, 2920318, 19683, 670712, 3B|U
Curt Casali, 1935463, 12510, 592200, C|U
Cam Gallagher, 2118805, 12981, 595956, C|U
Jurickson Profar, 1796123, 10815, 595777, OF|U
Nathan Eaton, 3158300, 25055, 681987, OF|U
Tommy La Stella, 1954553, 12371, 600303, U
Mauricio Dubon, 2226887, 16530, 643289, 2B|OF|SS|U
Brandon Belt, 1757973, 10264, 474832, 1B|U
Blake Sabol, 29038638, sa3010269, 666165, C|OF|U
Yainer Diaz, 2829012, 23003, 673237, C|U
Riley Greene, 3117537, 25976, 682985, OF|U
Anthony Rendon, 1894625, 12861, 543685, 3B|U
Wil Myers, 1744704, 10047, 571976, 1B|OF|U
Jeimer Candelario, 2051255, 13621, 600869, 3B|U
Dean Kremer, 3077699, 19350, 665152, P
Luis Garcia, 2768551, 20391, 671277, 2B|SS|U
Miguel Rojas, 1670123, 7802, 500743, SS|U
Hunter Renfroe, 2069467, 15464, 592669, OF|U
Jace Peterson, 1959186, 12325, 607054, 2B|3B|U
Jose Herrera, 2211744, 17040, 645444, C|U
Jack Suwinski, 2760036, 22244, 669261, OF|U
Ryan Kreidler, 3157917, 25867, 668952, SS|U
Luke Voit, 2226571, 14811, 572228, 1B|U
Luis Guillorme, 2211197, 16451, 641645, 2B|3B|U
Santiago Espinal, 2915585, 19997, 669289, 2B|U
Ildemaro Vargas, 2050861, 13324, 545121, 3B|U
Gavin Sheets, 2837507, 19901, 657757, 1B|OF|U
Isiah Kiner-Falefa, 2122086, 16512, 643396, 3B|OF|SS|U
Jonathan Schoop, 1840090, 11265, 570731, 2B|3B|U
Luis Urias, 2227185, 16622, 649966, 2B|3B|SS|U
Harold Ramirez, 2117133, 14387, 623912, 1B|OF|U
Eddie Rosario, 1910546, 12155, 592696, OF|U
Cristian Pache, 2507494, 19948, 665506, OF|U
Jared Shuster, 3165231, sa3014483, 694363, P
Jon Berti, 1957205, 12037, 542932, 2B|3B|SS|U
Austin Hedges, 1947852, 12976, 595978, C|U
Elias Diaz, 2122215, 11680, 553869, C|U
Chris Taylor, 2048496, 13757, 621035, 2B|3B|OF|SS|U
J.P. Crawford, 2066300, 15491, 641487, SS|U
Rowdy Tellez, 2171831, 15679, 642133, 1B|U
Ketel Marte, 1963334, 13613, 606466, 2B|U
Jake Cronenworth, 2447496, 18036, 630105, 1B|2B|U
Manuel Margot, 2167053, 14712, 622534, OF|U
David Dahl, 2001079, 13744, 621311, OF|U
Austin Barnes, 2046041, 12158, 605131, C|U
Ji-Man Choi, 2106323, 5452, 596847, 1B|U
Nick Allen, 2836533, 22277, 669397, 2B|SS|U
Gunnar Henderson, 3152104, 26289, 683002, 3B|SS|U
Josh Bell, 1940495, 13145, 605137, 1B|U
Connor Wong, 2837704, 19896, 657136, C|U
Nick Gordon, 2135244, 16337, 624503, 2B|OF|U
Christian Bethancourt, 1718084, 10028, 542194, 1B|C|U
Franmil Reyes, 2119258, 14566, 614177, OF|U
Tomas Nido, 2443614, 13755, 621512, C|U
Nick Maton, 2837182, 21635, 665155, 2B|3B|OF|U
Jake Meyers, 2837229, 20308, 676694, OF|U
Miles Mikolas, 1946522, 9803, 571945, P
Jordan Hicks, 2507337, 19618, 663855, P
Javier Baez, 1894628, 12979, 595879, SS|U
Vinnie Pasquantino, 26747031, 27676, 686469, 1B|U
Max Muncy, 2106304, 13301, 571970, 2B|3B|U
Kyle Schwarber, 2135243, 16478, 656941, OF|U
Josh Rojas, 2837427, 19734, 668942, 2B|3B|U
Nelson Cruz, 530355, 2434, 443558, U
Bryan De La Cruz, 2822262, 19600, 650559, OF|U
Brent Rooker, 2837434, 19627, 667670, OF|U
C.J. Abrams, 3117475, 25768, 682928, SS|U
Matt Vierling, 2933175, 21558, 663837, OF|U
Hunter Dozier, 2066295, 15117, 641531, 1B|3B|OF|U
Sean Murphy, 2483273, 19352, 669221, C|U
Jose Barrero, 3077714, 23378, 676480, OF|SS|U
Eric Hosmer, 1669561, 3516, 543333, 1B|U
Spencer Torkelson, 3166850, 27465, 679529, 1B|U
Jean Segura, 1798566, 5933, 516416, 2B|3B|U
Will Benson, 2250599, 21853, 666181, OF|U
Joey Wendle, 2052585, 13853, 621563, 2B|3B|SS|U
Brandon Drury, 1957192, 11615, 592273, 1B|2B|3B|U
Eric Haase, 2120601, 14111, 606992, C|OF|U
ryan Hayes, 2211187, 18577, 663647, 3B|U
Michael Conforto, 2135247, 16376, 624424, OF|U
Cody Bellinger, 2165919, 15998, 641355, OF|U
Corey Kluber, 1759018, 2429, 446372, P
Avisail Garcia, 1740934, 5760, 541645, OF|U
Alek Thomas, 2932056, 23792, 677950, OF|U
MJ Melendez, 2910600, 22197, 669004, C|OF|U
Eduardo Escobar, 1670491, 6153, 500871, 2B|3B|U
Cole Irvin, 2912226, 19244, 608344, P
Bobby Witt, 3117472, 25764, 677951, 3B|SS|U
Teoscar Hernandez, 2119659, 13066, 606192, OF|U
Seranthony Dominguez, 2898211, 19249, 622554, P
Jose Urena, 2053483, 11589, 570632, P
Max Kepler, 2044504, 12144, 596146, OF|U
Alek Manoah, 3117538, 26410, 666201, P
Alex Bregman, 2184351, 17678, 608324, 3B|U
Chris Sale, 1762602, 10603, 519242, P
Julian Merryweather, 2824403, 16703, 657240, P
Shintaro Fujinami, 29075943, 31839, 660261, P
Spencer Turnbull, 2167350, 16207, 605513, P
Chris Bassitt, 2114418, 12304, 605135, P
Luis Barrera, 2821428, 19615, 642456, OF|U
Troy Johnston, 28837850, sa3010899, 687859, 1B|U
Garrett Crochet, 2836763, 27463, 676979, P
Chad Wallach, 2166445, 17161, 595453, C|U
Cesar Valdez, 1654354, 9013, 491624, P
Robinson Cano, 532997, 3269, 429664, 2B|U
Joan Adon, 2829294, 22925, 672851, P
ay, 1208736, 3321, 503285, P
Yermin Mercedes, 2693638, 17423, 606213, U
Derek Fisher, 2136393, 16192, 605233, OF|U
Art Warren, 2912223, 18251, 605521, P
J.J. Bleday, 3117536, 26368, 668709, OF|U
Anthony Alford, 2044547, 14329, 546990, OF|U
Justin Foscue, 3171729, sa3014527, 679822, 2B|U
Rony Garcia, 2822898, 20430, 665621, P
Gordon Graceffo, 28862895, sa3016849, 700669, P
Anderson Tejeda, 2507356, 19909, 660731, 3B|U
Juan Yepez, 26793415, 18400, 660766, OF|U
Tyrone Taylor, 2044535, 13675, 621438, OF|U
Adrian Houser, 1947840, 12718, 605288, P
Eguy Rosario, 2743630, 19964, 666703, 3B|U
Alex Reyes, 2117043, 15015, 621052, P
DJ Peters, 2507365, 19348, 656847, OF|U
Mick Abel, 26615392, sa3014534, 690953, P
Yohel Pozo, 2227767, 18848, 650968, U
Mike Siani, 2933100, 22557, 672279, OF|U
Brett Martin, 2453424, 17369, 656685, P
Luis Patino, 2829930, 22815, 672715, P
Edwin Diaz, 2117203, 14710, 621242, P
Greg Holland, 1758975, 7196, 518813, P
Albert Almora, 2000031, 14109, 546991, OF|U
Franchy Cordero, 2119255, 14567, 614173, 1B|OF|U
Steele Walker, 2932068, 22093, 667727, OF|U
Moises Gomez, 2823002, sa875163, 664332, OF|U
Michael Kopech, 2135265, 17282, 656629, P
Forrest Whitley, 2250602, sa917930, 666215, P
Brandon Bielak, 2836609, 19866, 656232, P
Otto Lopez, 2847307, 19608, 672640, 2B|U
Christin Stewart, 2211207, 17714, 621514, OF|U
Johan Camargo, 2167325, 14950, 622666, SS|U
Randal Grichuk, 1745354, 10243, 545341, OF|U
Jose De Leon, 2167459, 15463, 592254, P
Dom Nunez, 2165915, 15055, 624513, C|U
Lance McCullers, 2001084, 14120, 621121, P
Mitch White, 2768556, 19225, 669952, P
Jorge Alfaro, 1846227, 12180, 595751, C|U
Aaron Zavala, 26911720, sa3017665, 701648, OF|U
Hunter Brown, 26615407, 25880, 686613, P
Josh VanMeter, 2119087, 15170, 642165, 1B|2B|U
Luis Gonzalez, 2836929, 20332, 670768, OF|U
Steven Duggar, 2227633, 17719, 621453, OF|U
Seiya Suzuki, 27023012, 30116, 673548, OF|U
Pavin Smith, 2835059, 19892, 656976, 1B|OF|U
Brad Peacock, 1833104, 5401, 502748, P
Tyler Kinley, 2171335, 18297, 641755, P
Franklin Barreto, 2117139, 15519, 620439, 2B|U
Hyun-Jin Ryu, 2029433, 14444, 547943, P
Tyler Wells, 26608291, 20000, 669330, P
Tyler Beede, 2136389, 16981, 595881, P
Ian Anderson, 2250590, 19951, 666120, P
Conner Greene, 2211226, sa737829, 641632, P
Nick Loftin, 26615348, sa3014511, 679845, OF|U
Kyle Hendricks, 2108023, 12049, 543294, P
Lucius Fox, 2227139, 18899, 665650, SS|U
Tarik Skubal, 3126008, 22267, 669373, P
Alex Jackson, 2135245, 17276, 656577, C|U
Colin Moran, 2070065, 16909, 592567, 1B|U
Xavier Edwards, 2931936, sa3007018, 669364, 2B|U
Jake Cousins, 2836753, 21620, 664776, P
Wynton Bernard, 2050875, 13408, 592144, OF|U
Victor Arano, 2599645, 15915, 644364, P
Michael Grove, 2931956, 23221, 675627, P
Jordan Luplow, 2769144, 16424, 656669, OF|U
Sal Frelick, 26719606, sa3017047, 686217, OF|U
Jon Gray, 2066291, 14916, 592351, P
Kristian Robinson, 3077718, sa3006884, 677565, OF|U
James Paxton, 1805124, 11828, 572020, P
Robert Gsellman, 2210220, 13696, 607229, P
Gavin Lux, 2250605, 19955, 666158, 2B|OF|U
Daniel Bard, 1662777, 7115, 453268, P
Ender Inciarte, 1808403, 4922, 542255, OF|U
Robert Hassell, 3165361, sa3014701, 690987, OF|U
Juan Minaya, 2210084, 10341, 573668, P
Taj Bradley, 2932285, sa3007839, 671737, P
Genesis Cabrera, 2507521, 17490, 650893, P
Erik Gonzalez, 2052583, 13369, 570481, SS|U
Tomas Telis, 2118883, 10067, 542513, C|U
Cory Spangenberg, 1846231, 12294, 605486, 3B|U
Triston McKenzie, 2431359, 18000, 663474, P
Charlie Morton, 1390876, 4676, 450203, P
Glenn Otto, 2837316, 21366, 657248, P
Riley Pint, 2250591, sa917922, 666207, P
Kevin Smith, 2837526, 20242, 675656, 3B|SS|U
Jared Koenig, 28862920, 27517, 657649, P
Yaisel Sierra, 2220362, sa909930, 666888, P
Spenser Watkins, 2826563, 17489, 657093, P
Nestor Cortes, 2822128, 17874, 641482, P
Diego Castillo, 2507361, 19906, 660636, 2B|OF|SS|U
JT Riddle, 2121291, 17642, 595375, 3B|U
Sam Hentges, 3055496, 18548, 656529, P
Ben Gamel, 1961737, 12160, 592325, OF|U
Victor Reyes, 2226157, 15487, 622682, OF|U
J.B. Wendelken, 2119336, 14506, 605525, P
Tyler Gilbert, 3079502, 17964, 656457, P
Danny Mendick, 2824375, 18889, 664901, SS|U
Frank Schwindel, 2171873, 15351, 643524, 1B|U
Nick Margevicius, 2837166, 20395, 676606, P
Jose Suarez, 2928771, 19911, 660761, P
Yasiel Puig, 1992864, 14225, 624577, OF|U
Cole Tucker, 2135255, 17326, 657061, OF|U
Jarren Duran, 2932710, 24617, 680776, OF|U
Touki Toussaint, 2135250, 16929, 657053, P
Travis Swaggerty, 2942970, 24491, 680552, OF|U
Livan Soto, 3103545, 22471, 670869, SS|U
Antonio Senzatela, 2167335, 15488, 622608, P
Justin Williams, 2066818, 15490, 642211, OF|U
Jorge Polanco, 2106657, 13152, 593871, 2B|U
Matthew Boyd, 2173411, 15440, 571510, P
i Tom, 2759863, 18136, 664789, OF|U
Thomas Hatch, 2507330, 19264, 641672, P
Lewin Diaz, 2768553, 18365, 650331, 1B|U
Drew Rucinski, 2136146, 12499, 607968, P
Elly De La Cruz, 26912505, sa3009289, 682829, SS|U
Adrian Sampson, 2166172, 13339, 592716, P
J.T. Brubaker, 3055541, 17578, 664141, P
Cal Stevenson, 2933123, 22411, 670276, OF|U
Alcides Escobar, 547241, 6310, 444876, SS|U
Kyle Harrison, 26615400, sa3014513, 690986, P
Matt Davidson, 1803183, 7226, 571602, 3B|U
Andy Ibanez, 2507344, 18819, 628451, 2B|3B|U
Cal Mitchell, 3077696, 22169, 668751, OF|U
Chris Clarke, 26616948, sa3011411, 669247, P
Adam Plutko, 2169611, 15846, 592644, P
Bryce Elder, 26615410, 27779, 693821, P
Kyle Holder, 2211202, sa857840, 664060, SS|U
Adrian Morejon, 2803408, 20039, 670970, P
Luis Ortiz, 2135262, 16942, 656814, P
Sheldon Neuse, 2507189, 19635, 641914, 2B|3B|U
Travis Lakins, 2449986, 18600, 664042, P
Keston Hiura, 2835061, 20003, 669374, 1B|U
Leody Taveras, 2227136, 18900, 665750, OF|U
Matt Moore, 1739600, 1890, 519043, P
Riley Adams, 2836521, 19864, 656180, C|U
Sandy Leon, 1928685, 5273, 506702, C|U
Jandel Gustave, 2161564, 14665, 594311, P
Aristides Aquino, 2167457, 15482, 606157, OF|U
Carlos Martinez, 1803785, 11682, 593372, P
Hirokazu Sawamura, 26624172, 27515, 617228, P
JaCoby Jones, 2211195, 14818, 592444, OF|U
Joe Palumbo, 2453420, sa738453, 643478, P
Abraham Almonte, 1813191, 5486, 501659, OF|U
Jahmai Jones, 2211211, 18872, 663330, 2B|U
Ross Detwiler, 1232126, 2859, 446321, P
Jordan Lawlar, 26720082, sa3017662, 691783, SS|U
Colby White, 28838284, sa3011200, 686831, P
Tanner Bibee, 28926327, sa3018170, 676440, P
Bobby Dalbec, 2506932, 19966, 666915, 1B|3B|U
Travis Demeritte, 2066311, 15958, 641513, OF|U
Emerson Hancock, 2836958, sa3014456, 676106, P
Reyes Moronta, 2444513, 14966, 606625, P
Garrett Whitlock, 2837680, 20191, 676477, P
Yoan Lopez, 2166704, 17181, 661255, P
Kyle Barraclough, 2186085, 13713, 607457, P
Jordan Westburg, 26615346, sa3014499, 676059, SS|U
Justyn-Henry Malloy, 29077345, sa3017073, 669234, OF|U
Adam Kolarek, 2113634, 10843, 592473, P
Conner Menez, 3086090, 19199, 669214, P
Simeon Woods Richardson, 2932071, 24494, 680573, P
Nick Nelson, 3150941, 20153, 656793, P
Enoli Paredes, 3094415, 20447, 660600, P
Ryan Borucki, 2444670, 16350, 621366, P
Jason Castro, 1657577, 8722, 488771, C|U
Raymond Kerr, 2878486, 23809, 678061, P
Griff McGarry, 2837204, sa3017130, 676046, P
Eddy Alvarez, 2734420, 16959, 657193, OF|U
Jeremiah Estrada, 2836849, 22210, 669093, P
Alex Dickerson, 2050338, 12649, 543105, OF|U
Tyler Naquin, 2044528, 13359, 571980, OF|U
Rhys Hoskins, 2211176, 16472, 656555, 1B|U
Jeff Brigham, 2986554, 16631, 656257, P
Fernando Tatis, 2507363, 19709, 665487, OF|SS|U
Jeter Downs, 2836822, 22202, 669023, 2B|U
Chris Devenski, 1963330, 12763, 606965, P
Willie Calhoun, 2211781, 17838, 641432, OF|U
Ryan Vilade, 2837639, 22165, 668723, OF|U
Yadier Molina, 390815, 7007, 425877, C|U
Anthony Kay, 2250616, 20387, 641743, P
Sean Newcomb, 2165525, 16943, 656794, P
Josh Fleming, 2836874, 20418, 676596, P
Tyler Matzek, 1739668, 10058, 554431, P
Gregory Polanco, 1954592, 12907, 570256, OF|U
Chris Owings, 1741384, 10030, 572008, 2B|SS|U
Carson Kelly, 2044542, 13620, 608348, C|U
Alex Kirilloff, 2250600, 20325, 666135, 1B|OF|U
Justin Dunn, 2250604, 19268, 643290, P
Josh Staumont, 2211250, 18335, 622251, P
Emmanuel Rivera, 2920200, 19890, 656896, 3B|U
Leandro Cedeno, 2821944, sa873307, 660681, 1B|U
Joe Barlow, 3157100, 22296, 669618, P
Tres Barrera, 3089960, 19977, 668663, C|U
Monte Harrison, 2167481, 17216, 656509, OF|U
Beau Brieske, 26911772, 26079, 689225, P
Max Stassi, 1727686, 10059, 545358, C|U
Braden Shewmake, 3117918, sa3010332, 669699, SS|U
Curtis Mead, 26762067, sa3008392, 678554, 3B|U
Mike Mayers, 2167331, 15451, 594577, P
Kyle Bradish, 2932284, 24586, 680694, P
Will Vest, 2837636, 19769, 676684, P
George Valera, 3077721, sa3006872, 671655, OF|U
Corbin Martin, 2837174, 19884, 656686, P
Brandon Walter, 26911750, sa3010826, 687888, P
Jed Lowrie, 1098963, 4418, 476704, U
Francisco Alvarez, 3152036, 26121, 682626, C|U
Miguel Andujar, 2167340, 15878, 609280, OF|U
T.J. McFarland, 2029072, 3237, 519008, P
Heliot Ramos, 2835071, 22515, 671218, OF|U
Addison Barger, 2932270, sa3006910, 680718, SS|U
Garrett Hampson, 2507191, 19262, 641658, 2B|OF|SS|U
Julio Teheran, 1718082, 6797, 527054, P
Robbie Erlin, 1833103, 10354, 572362, P
Austin Pruitt, 2444516, 15290, 643493, P
Ken Giles, 2044511, 12910, 571704, P
Sean Bouchard, 2836632, 21270, 656248, OF|U
Luke Jackson, 1765054, 11752, 592426, P
Huascar Ynoa, 3054661, 20468, 660623, P
Jacob Barnes, 2210103, 12323, 606930, P
Austin Slater, 2226803, 16153, 596103, OF|U
Evan Marshall, 1945243, 12297, 605359, P
Steven Okert, 2167292, 13580, 595345, P
Gilberto Celestino, 2507499, 20233, 665482, OF|U
Craig Stammen, 1671002, 7274, 489334, P
Justus Sheffield, 2135263, 17285, 656954, P
Lewis Brinson, 2044517, 14352, 621446, OF|U
Tyler Duffey, 2164747, 13758, 608648, P
Jordan Diaz, 2829008, 22650, 672478, 2B|U
Andrelton Simmons, 1918584, 10847, 592743, SS|U
Matthew Batten, 2836581, 20157, 676946, 3B|U
Ehire Adrianza, 1666190, 8418, 501303, 3B|U
Guillermo Heredia, 2221896, 18721, 628338, OF|U
Roman Quinn, 2044538, 13546, 596451, OF|U
Frankie Montas, 2117122, 14309, 593423, P
Paul DeJong, 2211775, 18015, 657557, SS|U
Chad Pinder, 2066836, 15191, 640461, OF|U
Trevor Bauer, 1852623, 12703, 545333, P
Tyler Clippard, 1179740, 5640, 461325, P
Caleb Kilian, 2932849, 26213, 668873, P
Demarcus Evans, 3103747, 21087, 663770, P
Terrance Gore, 2146190, 13658, 605253, OF|U
Tyler Wade, 2169698, 15730, 642180, 2B|U
Tommy Romero, 2837433, 23465, 676720, P
Niko Goodrum, 2118848, 12092, 592348, 2B|U
Hoy Jun Park, 2211767, 18027, 660829, 2B|U
Zach Logue, 2837138, 20231, 656657, P
Scott Effross, 3094730, 18384, 664123, P
Chris Archer, 1758899, 6345, 502042, P
Kurt Suzuki, 546504, 8259, 435559, C|U
Tyler Soderstrom, 3166655, sa3014489, 691016, 1B|U
Justin Verlander, 530362, 8700, 434378, P
Jake Alu, 28841679, sa3010009, 666906, 3B|U
Dominic Leone, 2117118, 13763, 608678, P
Grayson Greiner, 2166714, 17062, 606988, C|U
earn, 2211177, 16442, 656811, U
Yerry De Los Santos, 26635145, 21420, 660787, P
Aaron Ashby, 2836553, 23550, 676879, P
Andrew Knapp, 2066819, 14942, 595284, C|U
Brayan Rocchio, 3077710, sa3005898, 677587, SS|U
Cam Bedrosian, 1757977, 13360, 592135, P
